Age,Income,LoanAmount,CreditScore,MonthsEmployed,NumCreditLines,InterestRate,LoanTerm,DTIRatio,Education_High School,Education_Master's,Education_PhD,EmploymentType_Part-time,EmploymentType_Self-employed,EmploymentType_Unemployed,MaritalStatus_Married,MaritalStatus_Single,HasMortgage_Yes,HasDependents_Yes,LoanPurpose_Business,LoanPurpose_Education,LoanPurpose_Home,LoanPurpose_Other,HasCoSigner_Yes,Default
48.0,90754.0,5902.0,462.0,91.0,2.0,10.46,60.0,0.8,0,0,0,1,0,0,1,0,0,0,0,0,0,0,1,0
24.0,59193.0,90049.0,309.0,73.0,1.0,20.85,36.0,0.88,1,0,0,0,1,0,0,1,1,0,0,0,0,0,1,0
55.0,77343.0,204141.0,423.0,19.0,2.0,17.66,48.0,0.49,0,0,0,0,0,0,0,0,1,0,0,0,0,0,1,0
18.0,25087.0,15645.0,474.0,23.0,4.0,20.95,48.0,0.58,0,0,0,1,0,0,0,0,0,0,0,0,0,0,1,0
31.0,33215.0,235022.0,771.0,67.0,3.0,10.53,36.0,0.9,0,0,0,0,0,0,0,1,1,0,0,0,0,0,0,1
22.0,43601.0,37265.0,545.0,70.0,1.0,19.98,48.0,0.35,0,0,0,0,0,1,0,0,1,1,0,0,0,0,0,0
57.0,79960.0,179062.0,800.0,108.0,1.0,10.81,24.0,0.51,0,0,0,1,0,0,1,0,1,0,0,0,0,0,1,0
56.0,56257.0,53499.0,498.0,115.0,1.0,22.49,12.0,0.1,0,0,0,0,1,0,1,0,1,0,0,0,0,0,0,0
47.0,126506.0,92942.0,400.0,69.0,4.0,16.76,24.0,0.21,0,0,0,1,0,0,0,0,1,0,0,0,0,0,1,0
27.0,28896.0,121383.0,541.0,12.0,4.0,11.77,24.0,0.7,0,0,0,1,0,0,1,0,1,1,0,0,0,0,0,1
45.0,130166.0,85071.0,763.0,1.0,1.0,17.36,48.0,0.25,0,0,0,0,0,0,0,0,0,0,0,0,0,0,1,0
38.0,20275.0,101184.0,766.0,79.0,1.0,21.91,36.0,0.54,1,0,0,0,0,1,0,0,0,0,0,0,0,0,0,1
25.0,117691.0,22099.0,476.0,105.0,2.0,9.98,24.0,0.77,0,0,0,0,0,1,0,0,0,1,0,0,0,0,0,0
39.0,134426.0,138196.0,543.0,49.0,3.0,2.7,12.0,0.14,0,0,0,0,0,1,1,0,1,0,0,0,0,0,1,0
61.0,30425.0,120980.0,706.0,28.0,4.0,7.09,36.0,0.28,0,0,0,1,0,0,1,0,1,1,0,0,0,0,1,0
57.0,70053.0,80149.0,609.0,118.0,1.0,6.12,36.0,0.51,1,0,0,0,1,0,1,0,1,1,0,0,0,0,0,0
23.0,17104.0,216891.0,407.0,43.0,1.0,8.65,36.0,0.75,0,0,0,0,0,0,0,0,1,1,0,0,0,0,0,1
50.0,118616.0,114393.0,532.0,36.0,2.0,22.95,48.0,0.46,0,0,0,1,0,0,0,0,0,1,0,0,0,0,0,0
44.0,26417.0,139007.0,712.0,10.0,3.0,8.04,12.0,0.74,0,0,0,0,0,1,1,0,0,0,0,0,0,0,1,0
23.0,22245.0,68326.0,351.0,1.0,3.0,16.96,12.0,0.3,0,0,0,0,0,0,0,1,0,1,0,0,0,0,1,1
45.0,30472.0,193840.0,715.0,53.0,1.0,4.0,24.0,0.66,0,0,0,0,0,1,0,0,0,1,0,0,0,0,0,0
33.0,122591.0,69872.0,592.0,85.0,3.0,19.73,48.0,0.68,0,0,0,0,1,0,1,0,1,0,0,0,0,0,0,1
19.0,113903.0,20051.0,553.0,2.0,1.0,17.62,60.0,0.15,0,0,0,0,1,0,1,0,0,1,0,0,0,0,0,1
33.0,138703.0,214678.0,543.0,109.0,3.0,12.25,48.0,0.71,0,0,0,0,0,1,0,0,0,0,0,0,0,0,0,0
28.0,139616.0,152547.0,797.0,70.0,3.0,23.14,36.0,0.11,0,0,0,0,1,0,0,0,0,1,0,0,0,0,1,1
22.0,102901.0,151306.0,362.0,100.0,2.0,2.37,12.0,0.15,0,0,0,0,1,0,0,1,0,0,0,0,0,0,1,1
29.0,27340.0,175102.0,435.0,42.0,1.0,22.97,12.0,0.12,1,0,0,0,0,1,1,0,0,0,0,0,0,0,0,1
52.0,26314.0,189485.0,766.0,94.0,2.0,4.27,48.0,0.29,0,0,0,0,0,0,0,0,1,1,0,0,0,0,1,0
61.0,107058.0,83139.0,364.0,19.0,3.0,16.98,24.0,0.75,0,0,0,0,0,1,1,0,1,0,0,0,0,0,1,0
45.0,31557.0,156999.0,672.0,84.0,2.0,5.11,36.0,0.18,0,0,0,0,1,0,0,0,0,1,0,0,0,0,0,0
43.0,124359.0,60445.0,366.0,4.0,1.0,22.52,60.0,0.72,0,0,0,0,0,0,0,1,1,1,0,0,0,0,1,1
33.0,140559.0,207433.0,730.0,25.0,2.0,18.71,48.0,0.57,0,0,0,0,0,0,0,1,0,1,0,0,0,0,0,1
32.0,81741.0,198136.0,582.0,13.0,1.0,2.12,60.0,0.52,1,0,0,1,0,0,0,0,0,0,0,0,0,0,0,0
21.0,16334.0,249912.0,494.0,60.0,3.0,20.13,12.0,0.57,0,0,0,0,0,1,0,0,1,0,0,0,0,0,1,1
54.0,71272.0,177506.0,432.0,85.0,2.0,8.53,12.0,0.58,0,0,0,0,0,1,0,1,1,1,0,0,0,0,1,1
18.0,99592.0,147275.0,770.0,59.0,1.0,13.62,12.0,0.76,0,0,0,0,1,0,0,1,1,1,0,0,0,0,1,1
33.0,67861.0,189127.0,326.0,89.0,1.0,8.76,48.0,0.4,1,0,0,0,1,0,0,0,0,1,0,0,0,0,0,0
56.0,67769.0,28321.0,345.0,58.0,4.0,12.38,12.0,0.18,0,0,0,0,0,0,0,1,1,0,0,0,0,0,1,0
68.0,85153.0,81951.0,833.0,59.0,2.0,23.52,36.0,0.6,1,0,0,1,0,0,1,0,0,1,0,0,0,0,0,0
32.0,46449.0,155127.0,484.0,16.0,1.0,7.39,12.0,0.38,0,0,0,0,1,0,1,0,1,0,0,0,0,0,0,1
24.0,71697.0,133732.0,767.0,31.0,1.0,15.1,60.0,0.66,0,0,0,0,1,0,0,0,0,1,0,0,0,0,0,1
32.0,133642.0,13037.0,788.0,51.0,1.0,21.99,24.0,0.86,0,0,0,0,0,1,0,0,0,1,0,0,0,0,0,1
46.0,15612.0,207388.0,554.0,39.0,4.0,2.17,48.0,0.83,0,0,0,0,0,1,0,0,0,0,0,0,0,0,1,1
58.0,125969.0,65555.0,633.0,113.0,3.0,20.93,60.0,0.54,1,0,0,1,0,0,1,0,1,1,0,0,0,0,0,0
43.0,43066.0,70109.0,394.0,81.0,3.0,22.96,24.0,0.74,0,0,0,1,0,0,0,1,1,0,0,0,0,0,0,1
50.0,129215.0,100776.0,431.0,5.0,1.0,17.85,60.0,0.74,0,0,0,1,0,0,1,0,0,0,0,0,0,0,0,1
49.0,78482.0,236424.0,403.0,19.0,1.0,13.6,48.0,0.23,0,0,0,0,0,0,0,1,1,1,0,0,0,0,0,0
20.0,146487.0,129731.0,578.0,60.0,2.0,21.25,12.0,0.77,0,0,0,0,1,0,0,1,0,0,0,0,0,0,1,0
22.0,129556.0,115757.0,797.0,28.0,2.0,14.41,24.0,0.31,1,0,0,0,0,1,1,0,0,0,0,0,0,0,0,1
33.0,108599.0,42619.0,708.0,118.0,2.0,22.11,48.0,0.29,0,0,0,0,1,0,0,1,0,0,0,0,0,0,1,0
38.0,55934.0,103542.0,600.0,10.0,3.0,23.05,12.0,0.62,1,0,0,1,0,0,0,1,0,1,0,0,0,0,0,0
58.0,110280.0,140978.0,379.0,100.0,1.0,5.64,36.0,0.34,0,0,0,0,0,1,0,1,1,1,0,0,0,0,1,0
22.0,100151.0,138658.0,594.0,64.0,2.0,21.3,36.0,0.29,0,0,0,0,1,0,0,1,0,0,0,0,0,0,0,1
18.0,89566.0,127311.0,596.0,28.0,3.0,9.4,36.0,0.77,0,0,0,1,0,0,1,0,0,0,0,0,0,0,1,0
22.0,100533.0,164344.0,601.0,44.0,3.0,22.22,24.0,0.71,0,0,0,0,0,0,1,0,1,0,0,0,0,0,1,1
56.0,115959.0,43115.0,493.0,56.0,2.0,12.87,36.0,0.21,0,0,0,0,0,0,0,1,0,1,0,0,0,0,0,1
29.0,76785.0,140440.0,327.0,42.0,1.0,3.72,24.0,0.61,0,0,0,1,0,0,0,1,1,1,0,0,0,0,1,0
44.0,15499.0,180140.0,707.0,69.0,1.0,2.46,60.0,0.47,1,0,0,0,0,1,1,0,1,0,0,0,0,0,0,1
35.0,42844.0,150656.0,720.0,35.0,3.0,19.52,60.0,0.28,0,0,0,0,0,1,0,0,0,1,0,0,0,0,1,1
47.0,65606.0,198562.0,796.0,69.0,1.0,6.26,60.0,0.43,1,0,0,1,0,0,1,0,1,1,0,0,0,0,0,0
28.0,29297.0,85603.0,342.0,75.0,1.0,17.08,24.0,0.81,0,0,0,0,0,0,0,0,1,0,0,0,0,0,1,1
21.0,124971.0,210302.0,318.0,60.0,3.0,17.15,24.0,0.63,0,0,0,0,1,0,0,1,0,1,0,0,0,0,1,1
60.0,135369.0,111892.0,707.0,87.0,1.0,2.11,48.0,0.85,0,0,0,0,1,0,0,1,1,0,0,0,0,0,0,0
23.0,48759.0,178004.0,724.0,21.0,4.0,3.08,60.0,0.74,1,0,0,0,1,0,0,1,1,0,0,0,0,0,1,1
53.0,115584.0,120216.0,840.0,22.0,2.0,4.82,48.0,0.7,1,0,0,0,0,1,0,1,0,0,0,0,0,0,0,0
32.0,72993.0,37572.0,325.0,22.0,4.0,9.87,12.0,0.23,0,0,0,1,0,0,0,1,1,0,0,0,0,0,0,0
31.0,71876.0,78318.0,490.0,71.0,4.0,20.69,60.0,0.2,1,0,0,0,1,0,0,0,0,0,0,0,0,0,1,0
30.0,72797.0,181256.0,710.0,34.0,1.0,10.91,60.0,0.44,0,0,0,1,0,0,0,1,1,1,0,0,0,0,0,0
28.0,130303.0,95917.0,384.0,73.0,2.0,12.03,36.0,0.19,0,0,0,0,0,0,1,0,1,0,0,0,0,0,0,1
69.0,114535.0,21198.0,693.0,17.0,2.0,21.8,48.0,0.66,0,0,0,0,1,0,1,0,0,0,0,0,0,0,1,0
28.0,51240.0,121235.0,845.0,70.0,4.0,14.15,48.0,0.34,0,0,0,1,0,0,1,0,1,0,0,0,0,0,0,1
38.0,34677.0,209207.0,501.0,44.0,4.0,12.04,36.0,0.62,1,0,0,0,0,1,0,0,1,0,0,0,0,0,0,1
69.0,107158.0,161261.0,334.0,81.0,2.0,7.27,24.0,0.84,1,0,0,1,0,0,1,0,0,0,0,0,0,0,0,0
24.0,61401.0,93592.0,835.0,39.0,1.0,17.15,60.0,0.67,0,0,0,0,0,0,0,1,0,1,0,0,0,0,1,0
60.0,20575.0,204045.0,813.0,119.0,3.0,7.54,12.0,0.32,1,0,0,1,0,0,0,0,1,0,0,0,0,0,1,1
30.0,51107.0,138177.0,589.0,0.0,3.0,17.1,36.0,0.77,0,0,0,0,1,0,0,1,1,0,0,0,0,0,1,1
52.0,94596.0,98451.0,806.0,3.0,4.0,18.58,24.0,0.64,0,0,0,1,0,0,1,0,1,1,0,0,0,0,1,0
36.0,108971.0,103885.0,491.0,61.0,3.0,15.74,36.0,0.74,0,0,0,1,0,0,1,0,0,0,0,0,0,0,1,1
62.0,107318.0,155700.0,492.0,61.0,1.0,4.75,12.0,0.86,0,0,0,0,1,0,0,1,1,0,0,0,0,0,0,0
59.0,121895.0,47355.0,554.0,86.0,2.0,21.24,24.0,0.59,0,0,0,0,0,1,0,1,1,0,0,0,0,0,0,1
40.0,20274.0,91487.0,388.0,34.0,3.0,3.38,36.0,0.21,0,0,0,1,0,0,0,0,0,1,0,0,0,0,1,0
28.0,27248.0,111855.0,323.0,27.0,1.0,22.39,12.0,0.79,0,0,0,1,0,0,0,1,0,1,0,0,0,0,0,1
40.0,86796.0,209081.0,832.0,24.0,2.0,8.55,48.0,0.74,0,0,0,0,0,1,0,0,1,1,0,0,0,0,0,1
69.0,54793.0,233837.0,717.0,119.0,3.0,23.23,36.0,0.27,1,0,0,1,0,0,0,0,0,0,0,0,0,0,1,1
33.0,20641.0,198832.0,427.0,18.0,3.0,6.11,60.0,0.51,0,0,0,1,0,0,1,0,0,0,0,0,0,0,1,1
27.0,68810.0,148611.0,324.0,49.0,1.0,12.87,48.0,0.76,1,0,0,0,1,0,0,1,0,0,0,0,0,0,0,0
31.0,144220.0,72603.0,573.0,71.0,4.0,23.68,60.0,0.62,0,0,0,1,0,0,1,0,0,1,0,0,0,0,1,0
42.0,45643.0,176910.0,307.0,97.0,3.0,10.26,36.0,0.61,0,0,0,0,1,0,0,1,1,0,0,0,0,0,1,0
40.0,45184.0,41242.0,622.0,63.0,3.0,10.62,36.0,0.3,0,0,0,0,1,0,0,0,1,0,0,0,0,0,0,0
56.0,61752.0,65876.0,484.0,100.0,2.0,4.94,24.0,0.13,0,0,0,0,1,0,1,0,1,1,0,0,0,0,0,1
50.0,67332.0,55201.0,678.0,8.0,2.0,19.89,24.0,0.79,1,0,0,0,1,0,1,0,0,1,0,0,0,0,0,1
20.0,23483.0,221108.0,578.0,33.0,1.0,8.79,36.0,0.65,0,0,0,1,0,0,0,0,1,1,0,0,0,0,0,1
20.0,83016.0,88049.0,352.0,101.0,4.0,6.15,24.0,0.66,1,0,0,0,1,0,0,1,0,0,0,0,0,0,1,0
49.0,20558.0,220630.0,361.0,29.0,2.0,2.82,60.0,0.51,1,0,0,0,0,0,0,0,1,1,0,0,0,0,1,1
41.0,149251.0,40715.0,444.0,20.0,3.0,20.47,36.0,0.78,0,0,0,1,0,0,0,0,1,0,0,0,0,0,0,0
22.0,144017.0,150809.0,751.0,119.0,4.0,21.12,60.0,0.74,0,0,0,0,1,0,0,0,0,0,0,0,0,0,1,1
67.0,71093.0,172264.0,372.0,115.0,1.0,4.82,36.0,0.41,0,0,0,1,0,0,1,0,1,0,0,0,0,0,1,0
65.0,67198.0,169276.0,503.0,15.0,1.0,18.29,24.0,0.13,0,0,0,0,0,1,0,0,1,0,0,0,0,0,0,1
45.0,82303.0,19901.0,327.0,47.0,1.0,20.32,24.0,0.7,0,0,0,1,0,0,1,0,1,1,0,0,0,0,1,1
60.0,32393.0,202560.0,749.0,88.0,3.0,21.39,36.0,0.31,0,0,0,0,1,0,1,0,1,1,0,0,0,0,1,0
23.0,93755.0,155465.0,591.0,43.0,3.0,18.97,60.0,0.82,0,0,0,0,0,0,0,1,1,0,0,0,0,0,0,0
50.0,52328.0,229312.0,758.0,36.0,3.0,24.57,60.0,0.34,0,0,0,1,0,0,0,0,1,1,0,0,0,0,0,1
33.0,32692.0,192288.0,752.0,80.0,4.0,22.98,60.0,0.42,0,0,0,0,0,1,0,1,1,1,0,0,0,0,1,0
37.0,125263.0,243084.0,701.0,48.0,2.0,15.98,36.0,0.52,1,0,0,0,1,0,1,0,1,0,0,0,0,0,1,1
38.0,103328.0,139112.0,372.0,30.0,2.0,5.83,12.0,0.72,1,0,0,1,0,0,0,0,0,1,0,0,0,0,0,0
44.0,92745.0,132889.0,560.0,80.0,2.0,22.38,36.0,0.78,0,0,0,0,0,1,1,0,0,0,0,0,0,0,0,0
53.0,31760.0,110605.0,700.0,40.0,4.0,4.37,12.0,0.39,0,0,0,1,0,0,1,0,1,0,0,0,0,0,1,0
41.0,48829.0,75842.0,463.0,39.0,2.0,16.32,48.0,0.62,0,0,0,1,0,0,0,0,1,0,0,0,0,0,1,0
25.0,28646.0,161923.0,445.0,9.0,1.0,24.08,12.0,0.73,0,0,0,0,0,1,0,1,0,1,0,0,0,0,1,1
41.0,101569.0,174512.0,311.0,39.0,3.0,22.27,12.0,0.66,0,0,0,0,0,0,1,0,0,1,0,0,0,0,1,0
27.0,129315.0,158304.0,736.0,39.0,4.0,8.77,24.0,0.39,0,0,0,1,0,0,0,1,0,1,0,0,0,0,0,0
31.0,51422.0,14008.0,690.0,70.0,3.0,6.0,60.0,0.14,0,0,0,0,1,0,0,1,0,0,0,0,0,0,1,0
21.0,99633.0,168526.0,732.0,40.0,2.0,11.03,36.0,0.42,0,0,0,1,0,0,1,0,1,0,0,0,0,0,1,0
61.0,94174.0,22273.0,548.0,71.0,4.0,3.24,60.0,0.73,0,0,0,0,0,1,0,0,0,1,0,0,0,0,1,0
34.0,46696.0,181468.0,360.0,110.0,4.0,12.56,36.0,0.29,0,0,0,0,0,0,0,1,0,1,0,0,0,0,1,1
31.0,112601.0,158316.0,645.0,0.0,1.0,4.06,24.0,0.25,1,0,0,0,1,0,0,1,0,1,0,0,0,0,1,1
23.0,59219.0,180105.0,406.0,82.0,2.0,4.15,36.0,0.51,0,0,0,0,0,0,0,1,0,0,0,0,0,0,1,1
65.0,30073.0,245166.0,373.0,25.0,4.0,3.51,60.0,0.3,0,0,0,1,0,0,0,1,1,0,0,0,0,0,0,0
55.0,141149.0,154147.0,315.0,35.0,3.0,14.15,36.0,0.38,0,0,0,1,0,0,0,0,1,0,0,0,0,0,0,0
23.0,97068.0,15634.0,629.0,0.0,4.0,12.91,36.0,0.89,0,0,0,0,1,0,0,0,1,1,0,0,0,0,1,1
67.0,22407.0,56319.0,368.0,94.0,4.0,20.14,24.0,0.86,1,0,0,1,0,0,0,1,1,0,0,0,0,0,1,0
21.0,145043.0,208083.0,353.0,57.0,3.0,9.65,12.0,0.59,0,0,0,0,1,0,0,1,1,1,0,0,0,0,0,1
56.0,83688.0,223375.0,542.0,52.0,3.0,23.16,48.0,0.56,0,0,0,0,0,0,0,0,0,1,0,0,0,0,1,0
50.0,39987.0,65035.0,747.0,70.0,2.0,13.42,24.0,0.73,0,0,0,0,0,0,0,1,0,0,0,0,0,0,1,1
24.0,17888.0,88221.0,311.0,49.0,3.0,16.43,60.0,0.89,0,0,0,0,0,1,0,1,0,1,0,0,0,0,0,1
42.0,101250.0,28116.0,828.0,88.0,1.0,4.03,60.0,0.8,1,0,0,0,1,0,0,1,1,0,0,0,0,0,1,0
65.0,137040.0,235258.0,813.0,49.0,1.0,15.13,12.0,0.41,0,0,0,0,0,1,1,0,1,1,0,0,0,0,1,0
38.0,58581.0,237277.0,329.0,10.0,2.0,24.8,60.0,0.66,1,0,0,0,0,0,1,0,0,0,0,0,0,0,0,1
49.0,85453.0,125599.0,836.0,114.0,1.0,9.37,12.0,0.33,0,0,0,0,0,1,0,1,1,1,0,0,0,0,0,0
38.0,77815.0,54005.0,402.0,0.0,1.0,19.32,48.0,0.35,0,0,0,0,0,0,1,0,0,1,0,0,0,0,0,0
26.0,77133.0,72269.0,367.0,25.0,2.0,9.38,24.0,0.81,0,0,0,0,1,0,1,0,0,1,0,0,0,0,1,0
32.0,130855.0,176678.0,398.0,61.0,4.0,2.79,36.0,0.42,0,0,0,0,1,0,1,0,1,1,0,0,0,0,1,0
23.0,101116.0,244245.0,445.0,27.0,2.0,19.28,60.0,0.13,0,0,0,1,0,0,0,1,1,0,0,0,0,0,0,1
60.0,56092.0,64423.0,505.0,114.0,2.0,18.17,60.0,0.16,0,0,0,0,0,1,0,0,1,1,0,0,0,0,0,0
20.0,31272.0,64094.0,810.0,66.0,2.0,3.65,36.0,0.47,0,0,0,0,0,0,1,0,0,0,0,0,0,0,0,0
26.0,28992.0,178125.0,834.0,2.0,4.0,16.4,12.0,0.28,1,0,0,0,0,1,1,0,0,1,0,0,0,0,0,1
19.0,120201.0,193787.0,556.0,50.0,4.0,7.83,24.0,0.35,0,0,0,0,0,0,0,0,0,0,0,0,0,0,0,1
41.0,46618.0,78697.0,378.0,15.0,4.0,16.09,60.0,0.19,0,0,0,0,0,0,0,1,0,1,0,0,0,0,0,1
20.0,58301.0,174004.0,809.0,89.0,1.0,18.57,36.0,0.82,0,0,0,0,0,1,0,0,0,0,0,0,0,0,1,1
20.0,44760.0,31685.0,804.0,40.0,4.0,18.35,48.0,0.81,0,0,0,1,0,0,0,1,1,1,0,0,0,0,1,1
19.0,149744.0,142257.0,487.0,53.0,4.0,22.84,48.0,0.23,1,0,0,0,0,0,0,0,0,0,0,0,0,0,1,1
18.0,120928.0,146608.0,338.0,41.0,3.0,7.26,48.0,0.61,0,0,0,0,0,1,0,1,1,0,0,0,0,0,0,1
25.0,114888.0,87092.0,533.0,55.0,4.0,5.65,48.0,0.23,0,0,0,0,0,1,0,1,0,0,0,0,0,0,1,0
58.0,144415.0,110805.0,655.0,28.0,4.0,3.18,12.0,0.38,0,0,0,1,0,0,0,1,1,0,0,0,0,0,0,1
26.0,130813.0,68980.0,663.0,99.0,4.0,12.11,48.0,0.74,0,0,0,0,0,0,1,0,0,0,0,0,0,0,1,0
52.0,23892.0,245944.0,664.0,41.0,3.0,12.55,24.0,0.89,0,0,0,0,1,0,0,0,1,0,0,0,0,0,0,0
49.0,63017.0,147554.0,618.0,29.0,3.0,10.24,48.0,0.51,0,0,0,1,0,0,0,1,1,1,0,0,0,0,0,0
27.0,99289.0,242669.0,632.0,114.0,2.0,19.23,24.0,0.52,0,0,0,0,1,0,0,0,1,0,0,0,0,0,0,1
42.0,52382.0,100967.0,614.0,23.0,1.0,9.72,48.0,0.22,1,0,0,0,0,1,0,0,0,1,0,0,0,0,0,0
62.0,111275.0,215065.0,622.0,12.0,4.0,20.97,36.0,0.48,1,0,0,0,1,0,1,0,1,1,0,0,0,0,1,1
57.0,114126.0,246742.0,426.0,32.0,4.0,18.54,24.0,0.36,1,0,0,1,0,0,1,0,1,0,0,0,0,0,0,0
32.0,95589.0,204105.0,436.0,54.0,1.0,12.51,24.0,0.47,0,0,0,0,0,1,0,1,0,0,0,0,0,0,1,1
44.0,26142.0,183275.0,679.0,93.0,1.0,2.63,24.0,0.41,0,0,0,0,1,0,0,1,0,0,0,0,0,0,1,0
23.0,97621.0,160338.0,430.0,74.0,1.0,22.11,12.0,0.63,0,0,0,0,1,0,1,0,1,1,0,0,0,0,1,1
40.0,137769.0,106938.0,305.0,115.0,4.0,3.21,36.0,0.75,0,0,0,0,1,0,0,0,0,1,0,0,0,0,1,0
69.0,22873.0,205192.0,496.0,78.0,4.0,14.85,12.0,0.47,0,0,0,0,0,1,1,0,0,0,0,0,0,0,1,1
20.0,46454.0,171745.0,574.0,119.0,4.0,13.31,24.0,0.24,0,0,0,0,0,1,0,1,0,0,0,0,0,0,1,1
45.0,29784.0,37208.0,836.0,10.0,1.0,16.23,48.0,0.65,1,0,0,0,0,1,1,0,1,0,0,0,0,0,0,0
22.0,149593.0,100013.0,611.0,52.0,1.0,24.61,36.0,0.31,0,0,0,0,0,1,0,1,0,0,0,0,0,0,0,1
69.0,137014.0,208603.0,679.0,91.0,1.0,19.43,24.0,0.39,0,0,0,0,0,0,0,0,0,1,0,0,0,0,1,0
29.0,140018.0,48788.0,489.0,71.0,4.0,9.58,24.0,0.54,0,0,0,1,0,0,0,1,1,1,0,0,0,0,0,0
21.0,116432.0,132808.0,316.0,111.0,1.0,14.34,48.0,0.71,1,0,0,0,0,1,0,0,1,0,0,0,0,0,0,0
43.0,81496.0,119242.0,792.0,65.0,4.0,5.51,24.0,0.37,0,0,0,1,0,0,0,1,1,1,0,0,0,0,1,0
33.0,50500.0,182824.0,816.0,68.0,2.0,14.39,60.0,0.33,0,0,0,0,1,0,0,0,1,0,0,0,0,0,1,0
68.0,128889.0,166390.0,593.0,92.0,2.0,6.9,60.0,0.81,0,0,0,0,1,0,1,0,1,0,0,0,0,0,1,0
40.0,94078.0,132697.0,822.0,104.0,4.0,4.21,24.0,0.77,0,0,0,1,0,0,0,0,0,1,0,0,0,0,1,0
23.0,33527.0,232849.0,619.0,112.0,4.0,14.76,12.0,0.58,0,0,0,1,0,0,0,0,1,0,0,0,0,0,1,1
51.0,107465.0,64533.0,814.0,109.0,4.0,3.93,12.0,0.15,0,0,0,0,0,0,0,1,0,0,0,0,0,0,1,0
31.0,145236.0,8785.0,567.0,71.0,3.0,7.62,24.0,0.72,0,0,0,0,1,0,1,0,0,0,0,0,0,0,0,1
48.0,16249.0,200493.0,341.0,4.0,1.0,23.86,48.0,0.61,0,0,0,0,0,1,1,0,0,0,0,0,0,0,1,1
31.0,49873.0,138735.0,807.0,12.0,3.0,14.34,60.0,0.46,0,0,0,0,1,0,0,0,0,1,0,0,0,0,1,1
59.0,32594.0,229828.0,353.0,79.0,3.0,5.21,12.0,0.77,0,0,0,1,0,0,0,0,1,1,0,0,0,0,1,1
20.0,113713.0,219828.0,665.0,113.0,4.0,23.43,12.0,0.44,0,0,0,0,1,0,0,0,0,1,0,0,0,0,0,1
25.0,66444.0,213982.0,657.0,25.0,2.0,9.83,12.0,0.35,0,0,0,1,0,0,1,0,0,1,0,0,0,0,1,0
35.0,72321.0,196489.0,404.0,57.0,4.0,22.57,36.0,0.6,0,0,0,0,0,1,0,0,1,0,0,0,0,0,0,1
21.0,74533.0,88890.0,693.0,17.0,1.0,9.52,24.0,0.85,0,0,0,0,0,0,0,1,0,1,0,0,0,0,1,1
18.0,87089.0,103322.0,695.0,52.0,2.0,18.1,60.0,0.89,0,0,0,0,1,0,0,1,0,1,0,0,0,0,0,1
28.0,24186.0,109887.0,816.0,33.0,1.0,21.29,36.0,0.12,1,0,0,0,0,0,0,0,0,1,0,0,0,0,0,1
46.0,62400.0,201042.0,844.0,105.0,1.0,24.82,36.0,0.3,0,0,0,1,0,0,0,0,0,0,0,0,0,0,0,0
42.0,101703.0,114165.0,407.0,36.0,1.0,2.31,36.0,0.58,0,0,0,0,0,1,0,1,0,1,0,0,0,0,1,0
43.0,49229.0,145577.0,301.0,10.0,1.0,18.01,48.0,0.22,0,0,0,1,0,0,1,0,0,0,0,0,0,0,1,1
61.0,135721.0,119809.0,560.0,39.0,3.0,11.12,36.0,0.84,0,0,0,1,0,0,0,0,1,0,0,0,0,0,1,0
36.0,142666.0,159505.0,715.0,98.0,3.0,23.65,24.0,0.84,0,0,0,0,0,0,0,1,1,1,0,0,0,0,0,1
61.0,33778.0,128929.0,321.0,99.0,3.0,24.49,36.0,0.72,0,0,0,0,0,0,0,0,0,0,0,0,0,0,1,0
22.0,134882.0,93510.0,406.0,106.0,4.0,11.4,60.0,0.59,0,0,0,0,0,1,0,0,0,0,0,0,0,0,1,0
24.0,144535.0,10972.0,825.0,75.0,4.0,15.54,60.0,0.15,1,0,0,0,1,0,0,1,0,0,0,0,0,0,1,1
47.0,19318.0,231030.0,379.0,2.0,2.0,23.41,48.0,0.84,1,0,0,0,1,0,0,0,1,1,0,0,0,0,0,1
31.0,32387.0,151854.0,805.0,81.0,2.0,24.01,48.0,0.79,0,0,0,0,0,0,0,0,1,0,0,0,0,0,0,1
68.0,141772.0,169632.0,610.0,38.0,3.0,7.46,36.0,0.52,1,0,0,1,0,0,0,1,1,1,0,0,0,0,0,0
32.0,137303.0,116680.0,555.0,60.0,2.0,18.38,12.0,0.46,0,0,0,1,0,0,1,0,0,1,0,0,0,0,0,0
26.0,143918.0,90811.0,695.0,52.0,4.0,17.52,36.0,0.55,0,0,0,0,0,1,1,0,0,0,0,0,0,0,0,0
67.0,148864.0,63861.0,747.0,62.0,1.0,23.82,48.0,0.73,0,0,0,0,1,0,0,0,0,0,0,0,0,0,1,0
28.0,134253.0,229153.0,462.0,29.0,4.0,4.93,60.0,0.59,0,0,0,1,0,0,0,0,1,1,0,0,0,0,0,0
20.0,36779.0,135741.0,352.0,75.0,4.0,23.82,36.0,0.84,0,0,0,0,0,0,0,0,1,0,0,0,0,0,0,1
43.0,40265.0,88469.0,632.0,19.0,4.0,20.17,24.0,0.37,0,0,0,0,1,0,1,0,1,0,0,0,0,0,1,1
21.0,110484.0,66028.0,477.0,8.0,2.0,9.65,36.0,0.51,1,0,0,0,0,0,0,0,0,0,0,0,0,0,0,1
18.0,55174.0,66455.0,627.0,35.0,2.0,5.62,24.0,0.55,0,0,0,1,0,0,1,0,1,0,0,0,0,0,0,1
21.0,27815.0,175275.0,654.0,35.0,4.0,20.85,24.0,0.69,0,0,0,0,0,1,0,1,0,0,0,0,0,0,0,1
43.0,127380.0,74351.0,826.0,11.0,1.0,24.74,60.0,0.17,0,0,0,0,1,0,0,1,1,0,0,0,0,0,1,0
21.0,74571.0,35697.0,545.0,35.0,3.0,9.98,48.0,0.88,0,0,0,0,0,1,0,1,1,0,0,0,0,0,1,1
18.0,68160.0,49085.0,690.0,100.0,2.0,8.75,12.0,0.49,1,0,0,1,0,0,0,0,1,0,0,0,0,0,0,1
56.0,100018.0,220489.0,345.0,52.0,2.0,8.74,48.0,0.33,0,0,0,0,0,0,0,0,1,1,0,0,0,0,1,0
59.0,92360.0,150703.0,604.0,92.0,2.0,19.21,48.0,0.75,0,0,0,0,0,0,1,0,0,0,0,0,0,0,1,0
60.0,126754.0,35583.0,508.0,28.0,3.0,6.6,48.0,0.6,0,0,0,0,0,0,0,1,0,0,0,0,0,0,1,0
31.0,77474.0,83628.0,402.0,114.0,3.0,5.76,12.0,0.81,1,0,0,0,1,0,1,0,1,0,0,0,0,0,1,0
47.0,132644.0,232410.0,560.0,38.0,4.0,11.34,48.0,0.24,0,0,0,0,0,0,0,0,0,1,0,0,0,0,0,0
28.0,40460.0,65553.0,408.0,95.0,1.0,11.44,60.0,0.74,0,0,0,0,0,0,1,0,1,0,0,0,0,0,0,1
52.0,106721.0,174004.0,520.0,108.0,4.0,4.56,36.0,0.8,0,0,0,1,0,0,0,1,1,0,0,0,0,0,1,0
26.0,89870.0,174265.0,582.0,54.0,4.0,12.97,36.0,0.19,0,0,0,0,0,0,1,0,0,0,0,0,0,0,0,1
19.0,130737.0,174453.0,557.0,42.0,2.0,9.86,24.0,0.13,1,0,0,0,0,0,1,0,1,0,0,0,0,0,0,0
22.0,20943.0,182957.0,613.0,9.0,1.0,3.32,36.0,0.53,0,0,0,0,0,0,1,0,1,0,0,0,0,0,1,1
35.0,30091.0,29306.0,441.0,25.0,2.0,18.36,48.0,0.51,0,0,0,1,0,0,1,0,1,1,0,0,0,0,0,1
35.0,92468.0,123800.0,550.0,47.0,1.0,17.77,48.0,0.13,0,0,0,0,0,1,1,0,0,0,0,0,0,0,0,0
69.0,58021.0,121477.0,427.0,43.0,4.0,8.02,24.0,0.12,0,0,0,0,1,0,0,1,1,0,0,0,0,0,0,0
40.0,96999.0,81026.0,449.0,73.0,4.0,20.24,36.0,0.57,1,0,0,0,1,0,0,0,0,1,0,0,0,0,1,0
20.0,45046.0,162485.0,477.0,38.0,2.0,18.14,24.0,0.73,1,0,0,0,0,1,0,0,1,0,0,0,0,0,0,1
28.0,22949.0,110512.0,397.0,46.0,2.0,19.15,36.0,0.88,0,0,0,0,0,0,0,0,1,0,0,0,0,0,1,0
56.0,34320.0,210212.0,512.0,30.0,4.0,16.95,48.0,0.71,0,0,0,0,1,0,0,1,1,0,0,0,0,0,0,1
63.0,84860.0,95422.0,665.0,30.0,4.0,2.99,60.0,0.67,0,0,0,0,1,0,0,0,0,0,0,0,0,0,1,0
67.0,148838.0,26491.0,316.0,109.0,2.0,19.67,36.0,0.65,0,0,0,1,0,0,0,0,1,1,0,0,0,0,0,0
24.0,88774.0,22554.0,694.0,17.0,3.0,16.07,60.0,0.49,1,0,0,1,0,0,0,1,1,1,0,0,0,0,0,1
55.0,137962.0,184944.0,377.0,6.0,1.0,22.13,48.0,0.76,0,0,0,0,1,0,1,0,1,0,0,0,0,0,0,0
50.0,79580.0,13472.0,374.0,54.0,3.0,2.3,24.0,0.77,0,0,0,0,1,0,0,0,1,1,0,0,0,0,1,0
18.0,142866.0,44763.0,595.0,53.0,4.0,8.85,60.0,0.71,0,0,0,0,0,1,0,0,0,1,0,0,0,0,1,1
41.0,82740.0,180318.0,386.0,26.0,2.0,16.19,36.0,0.37,1,0,0,0,1,0,0,1,0,0,0,0,0,0,1,0
48.0,51142.0,221255.0,492.0,108.0,3.0,18.47,48.0,0.33,0,0,0,1,0,0,1,0,1,0,0,0,0,0,1,1
64.0,70354.0,224731.0,523.0,58.0,1.0,3.23,48.0,0.8,0,0,0,0,1,0,1,0,0,0,0,0,0,0,0,0
19.0,134465.0,107082.0,763.0,0.0,1.0,10.86,48.0,0.84,0,0,0,1,0,0,1,0,1,0,0,0,0,0,0,1
27.0,133313.0,20226.0,793.0,17.0,1.0,24.44,12.0,0.66,1,0,0,1,0,0,0,0,1,0,0,0,0,0,1,0
22.0,124956.0,211274.0,440.0,41.0,3.0,5.64,60.0,0.36,0,0,0,0,1,0,1,0,1,1,0,0,0,0,1,0
51.0,78945.0,84949.0,336.0,20.0,2.0,23.3,48.0,0.82,0,0,0,1,0,0,1,0,1,0,0,0,0,0,0,1
40.0,51711.0,187072.0,804.0,1.0,1.0,7.02,24.0,0.47,0,0,0,0,1,0,0,1,0,1,0,0,0,0,1,0
21.0,38691.0,148980.0,548.0,100.0,1.0,22.89,48.0,0.48,0,0,0,0,0,1,0,1,1,1,0,0,0,0,0,1
49.0,138141.0,236801.0,732.0,53.0,2.0,10.27,48.0,0.32,0,0,0,0,0,0,0,0,0,0,0,0,0,0,1,0
65.0,148933.0,196718.0,569.0,108.0,3.0,19.71,60.0,0.86,0,0,0,0,0,0,1,0,1,0,0,0,0,0,0,1
20.0,81697.0,233879.0,717.0,95.0,4.0,6.77,12.0,0.14,1,0,0,1,0,0,0,0,1,1,0,0,0,0,0,1
29.0,111032.0,37064.0,794.0,6.0,3.0,14.43,60.0,0.65,0,0,0,0,0,0,1,0,1,1,0,0,0,0,1,1
58.0,18312.0,26468.0,351.0,101.0,2.0,10.33,48.0,0.85,0,0,0,0,0,0,0,1,0,0,0,0,0,0,0,0
42.0,70597.0,25963.0,475.0,104.0,2.0,23.74,48.0,0.59,0,0,0,1,0,0,0,0,1,0,0,0,0,0,1,1
25.0,19940.0,189398.0,431.0,10.0,1.0,22.09,48.0,0.31,0,0,0,1,0,0,0,1,1,0,0,0,0,0,1,1
25.0,48694.0,108791.0,793.0,48.0,1.0,8.08,60.0,0.47,1,0,0,0,0,1,0,1,0,0,0,0,0,0,1,1
50.0,101075.0,76699.0,395.0,32.0,4.0,11.61,12.0,0.78,0,0,0,0,0,0,0,0,1,0,0,0,0,0,1,1
54.0,70846.0,16758.0,824.0,110.0,4.0,11.14,60.0,0.42,0,0,0,0,1,0,0,1,0,0,0,0,0,0,0,0
54.0,28134.0,84148.0,404.0,94.0,1.0,19.93,36.0,0.57,0,0,0,0,0,1,0,0,1,1,0,0,0,0,0,0
18.0,30013.0,157243.0,766.0,35.0,1.0,16.16,12.0,0.63,0,0,0,1,0,0,0,1,0,1,0,0,0,0,1,1
22.0,111977.0,196194.0,414.0,39.0,4.0,7.86,36.0,0.59,0,0,0,0,0,1,0,0,1,1,0,0,0,0,1,1
33.0,85087.0,83668.0,616.0,56.0,4.0,24.18,12.0,0.57,0,0,0,0,0,1,0,1,1,0,0,0,0,0,1,1
45.0,77980.0,153588.0,765.0,29.0,1.0,17.47,60.0,0.49,1,0,0,0,1,0,1,0,1,0,0,0,0,0,1,1
34.0,92582.0,237196.0,578.0,9.0,3.0,12.34,60.0,0.34,0,0,0,0,0,0,0,0,1,0,0,0,0,0,0,1
31.0,17346.0,234115.0,549.0,92.0,4.0,16.61,24.0,0.8,1,0,0,1,0,0,1,0,1,1,0,0,0,0,1,1
18.0,114669.0,224133.0,810.0,7.0,1.0,6.17,48.0,0.84,0,0,0,0,0,0,0,0,1,0,0,0,0,0,0,1
36.0,56572.0,123163.0,751.0,89.0,4.0,23.36,12.0,0.17,1,0,0,1,0,0,1,0,0,0,0,0,0,0,0,0
18.0,22901.0,124893.0,454.0,37.0,2.0,5.03,48.0,0.74,0,0,0,0,0,0,0,1,0,0,0,0,0,0,1,0
39.0,59620.0,185591.0,616.0,15.0,4.0,3.3,60.0,0.34,1,0,0,1,0,0,0,0,0,0,0,0,0,0,1,0
42.0,115518.0,56867.0,517.0,9.0,4.0,5.67,12.0,0.18,0,0,0,0,1,0,0,0,1,1,0,0,0,0,1,1
33.0,76495.0,199579.0,406.0,33.0,1.0,2.39,24.0,0.7,0,0,0,0,1,0,0,0,1,1,0,0,0,0,1,1
35.0,89089.0,38047.0,511.0,64.0,1.0,17.94,36.0,0.42,0,0,0,0,0,1,1,0,0,0,0,0,0,0,0,0
31.0,35144.0,151305.0,365.0,48.0,1.0,11.18,48.0,0.85,0,0,0,0,0,1,0,1,0,1,0,0,0,0,1,0
18.0,59345.0,244354.0,437.0,110.0,3.0,11.54,24.0,0.39,0,0,0,0,0,1,0,1,1,0,0,0,0,0,0,0
24.0,15049.0,246310.0,794.0,30.0,2.0,9.47,12.0,0.48,1,0,0,0,1,0,0,0,1,0,0,0,0,0,0,1
61.0,69872.0,32207.0,821.0,63.0,4.0,3.19,36.0,0.31,1,0,0,0,0,0,1,0,1,1,0,0,0,0,1,0
37.0,63598.0,189862.0,374.0,22.0,4.0,17.98,24.0,0.53,0,0,0,1,0,0,1,0,1,0,0,0,0,0,0,1
20.0,137192.0,210089.0,504.0,75.0,1.0,16.66,12.0,0.71,0,0,0,0,0,0,0,0,0,0,0,0,0,0,1,1
39.0,88945.0,177077.0,632.0,65.0,2.0,14.69,24.0,0.86,0,0,0,0,0,1,0,0,0,0,0,0,0,0,1,1
23.0,49308.0,128109.0,356.0,38.0,1.0,19.28,24.0,0.44,0,0,0,0,0,0,1,0,1,0,0,0,0,0,0,1
49.0,94026.0,52671.0,703.0,80.0,3.0,9.21,36.0,0.37,1,0,0,0,0,1,0,0,0,1,0,0,0,0,0,0
31.0,149985.0,50158.0,312.0,98.0,2.0,19.18,24.0,0.68,0,0,0,0,1,0,0,1,1,1,0,0,0,0,1,0
38.0,110671.0,62966.0,645.0,72.0,1.0,6.25,36.0,0.3,0,0,0,1,0,0,0,0,1,1,0,0,0,0,0,1
62.0,143240.0,8469.0,837.0,36.0,1.0,2.84,48.0,0.23,1,0,0,0,0,1,0,0,0,0,0,0,0,0,1,0
58.0,142049.0,35079.0,658.0,58.0,2.0,9.47,60.0,0.73,0,0,0,1,0,0,0,0,1,0,0,0,0,0,0,1
25.0,115827.0,170002.0,712.0,104.0,2.0,12.26,12.0,0.7,0,0,0,0,0,0,1,0,0,0,0,0,0,0,0,1
18.0,63617.0,146941.0,570.0,95.0,1.0,21.03,12.0,0.33,0,0,0,0,0,0,0,1,1,0,0,0,0,0,1,1
68.0,115753.0,171866.0,372.0,39.0,4.0,2.34,36.0,0.78,1,0,0,0,1,0,0,0,0,1,0,0,0,0,1,0
52.0,82707.0,58441.0,654.0,14.0,1.0,7.44,48.0,0.64,1,0,0,0,0,1,0,1,0,1,0,0,0,0,1,1
44.0,142381.0,84357.0,737.0,75.0,1.0,19.13,48.0,0.67,1,0,0,0,0,0,0,1,1,1,0,0,0,0,0,0
34.0,92781.0,162631.0,684.0,45.0,3.0,4.85,60.0,0.17,1,0,0,0,0,0,0,0,0,1,0,0,0,0,1,1
22.0,81291.0,108967.0,466.0,44.0,1.0,20.02,24.0,0.29,0,0,0,0,0,1,0,1,0,0,0,0,0,0,1,1
61.0,78842.0,249681.0,617.0,106.0,1.0,16.8,48.0,0.34,0,0,0,0,0,0,0,1,1,1,0,0,0,0,0,0
52.0,82227.0,64007.0,478.0,39.0,4.0,18.34,12.0,0.39,0,0,0,0,0,1,0,1,1,0,0,0,0,0,1,1
48.0,123742.0,143093.0,667.0,74.0,4.0,12.29,48.0,0.58,0,0,0,0,0,0,0,0,1,0,0,0,0,0,0,0
67.0,56397.0,192662.0,591.0,26.0,1.0,8.93,60.0,0.56,0,0,0,0,1,0,0,1,1,0,0,0,0,0,0,0
28.0,127420.0,56902.0,379.0,49.0,1.0,8.76,60.0,0.67,1,0,0,1,0,0,0,0,1,0,0,0,0,0,1,0
21.0,32700.0,216879.0,587.0,86.0,1.0,18.41,60.0,0.18,0,0,0,0,0,1,0,1,0,1,0,0,0,0,0,1
66.0,104901.0,133243.0,326.0,4.0,3.0,15.29,12.0,0.6,0,0,0,0,0,1,1,0,0,1,0,0,0,0,0,1
43.0,59629.0,195904.0,364.0,20.0,4.0,17.6,36.0,0.49,0,0,0,0,0,1,0,0,1,0,0,0,0,0,0,1
35.0,117921.0,208503.0,684.0,75.0,1.0,24.29,12.0,0.15,0,0,0,0,1,0,0,0,1,0,0,0,0,0,1,0
20.0,58187.0,123566.0,508.0,7.0,4.0,9.98,24.0,0.52,0,0,0,0,0,0,0,1,0,0,0,0,0,0,0,1
28.0,20844.0,98468.0,712.0,47.0,3.0,9.97,60.0,0.52,0,0,0,0,0,0,0,1,1,1,0,0,0,0,1,1
45.0,21203.0,205755.0,348.0,61.0,2.0,2.56,60.0,0.24,0,0,0,1,0,0,0,0,1,1,0,0,0,0,0,1
30.0,101098.0,210387.0,743.0,50.0,4.0,10.86,36.0,0.37,0,0,0,0,0,1,1,0,0,0,0,0,0,0,0,0
38.0,115126.0,131736.0,461.0,114.0,3.0,17.0,12.0,0.35,0,0,0,0,0,0,1,0,0,0,0,0,0,0,0,0
55.0,46999.0,200381.0,831.0,100.0,1.0,22.59,48.0,0.84,0,0,0,0,0,1,0,0,1,1,0,0,0,0,1,0
46.0,107733.0,168075.0,602.0,15.0,1.0,4.86,60.0,0.8,0,0,0,1,0,0,1,0,0,0,0,0,0,0,0,0
50.0,77816.0,133628.0,336.0,56.0,3.0,12.29,60.0,0.7,0,0,0,0,0,1,0,0,1,1,0,0,0,0,0,1
37.0,141213.0,135099.0,549.0,16.0,4.0,14.84,12.0,0.4,1,0,0,0,0,1,0,1,1,1,0,0,0,0,0,1
30.0,42034.0,149465.0,588.0,31.0,4.0,20.45,12.0,0.35,1,0,0,0,0,1,1,0,1,0,0,0,0,0,1,1
42.0,143423.0,5758.0,382.0,5.0,1.0,10.51,60.0,0.17,0,0,0,0,1,0,0,0,1,1,0,0,0,0,0,0
27.0,49257.0,101649.0,815.0,30.0,4.0,5.11,48.0,0.63,0,0,0,1,0,0,0,0,0,0,0,0,0,0,0,1
37.0,77860.0,203837.0,688.0,53.0,2.0,16.42,36.0,0.73,0,0,0,0,0,0,1,0,1,1,0,0,0,0,0,1
23.0,66621.0,139402.0,343.0,22.0,3.0,16.77,36.0,0.88,0,0,0,0,1,0,1,0,1,1,0,0,0,0,0,1
25.0,48708.0,83013.0,713.0,33.0,1.0,6.64,48.0,0.22,0,0,0,0,1,0,1,0,1,0,0,0,0,0,1,0
39.0,126190.0,37383.0,753.0,95.0,1.0,21.41,12.0,0.52,0,0,0,0,0,1,1,0,0,0,0,0,0,0,1,1
37.0,26212.0,232167.0,761.0,61.0,3.0,7.65,36.0,0.73,0,0,0,0,1,0,0,1,0,0,0,0,0,0,0,1
29.0,104764.0,80250.0,592.0,67.0,1.0,19.23,12.0,0.43,0,0,0,0,1,0,1,0,1,1,0,0,0,0,0,1
67.0,110972.0,6534.0,486.0,95.0,1.0,23.79,48.0,0.54,0,0,0,0,0,1,0,0,0,0,0,0,0,0,0,0
34.0,110064.0,172646.0,447.0,97.0,3.0,23.3,48.0,0.58,0,0,0,0,0,1,0,0,1,1,0,0,0,0,0,0
34.0,86544.0,109401.0,776.0,24.0,4.0,12.91,36.0,0.69,1,0,0,0,0,1,1,0,0,1,0,0,0,0,0,1
27.0,70188.0,236204.0,416.0,2.0,1.0,7.33,36.0,0.58,0,0,0,1,0,0,0,1,1,0,0,0,0,0,1,0
39.0,81901.0,140872.0,752.0,105.0,3.0,11.29,36.0,0.87,0,0,0,1,0,0,0,1,1,0,0,0,0,0,1,0
40.0,130047.0,227969.0,817.0,58.0,1.0,12.31,60.0,0.68,0,0,0,1,0,0,0,0,0,0,0,0,0,0,0,0
39.0,114644.0,30249.0,677.0,0.0,4.0,16.69,48.0,0.62,0,0,0,0,0,1,1,0,1,1,0,0,0,0,0,0
33.0,89747.0,163062.0,691.0,61.0,4.0,12.88,36.0,0.34,1,0,0,0,0,0,0,1,1,0,0,0,0,0,1,0
56.0,135407.0,14062.0,481.0,114.0,2.0,16.59,60.0,0.48,1,0,0,0,0,0,1,0,0,0,0,0,0,0,0,0
68.0,136774.0,118664.0,723.0,2.0,1.0,14.41,48.0,0.32,0,0,0,0,0,1,0,1,1,0,0,0,0,0,1,0
26.0,145803.0,36012.0,339.0,52.0,3.0,16.49,48.0,0.83,1,0,0,0,0,1,0,0,1,1,0,0,0,0,0,1
27.0,30676.0,58852.0,564.0,32.0,3.0,20.31,36.0,0.8,1,0,0,0,0,0,1,0,0,0,0,0,0,0,1,1
18.0,80314.0,74516.0,441.0,28.0,2.0,3.73,60.0,0.39,0,0,0,0,1,0,1,0,1,1,0,0,0,0,0,1
32.0,144943.0,248010.0,309.0,20.0,2.0,12.93,36.0,0.63,0,0,0,0,0,1,0,1,0,1,0,0,0,0,1,1
57.0,47290.0,15531.0,812.0,30.0,1.0,8.03,60.0,0.34,0,0,0,0,1,0,0,1,0,0,0,0,0,0,0,0
51.0,63117.0,163084.0,500.0,117.0,2.0,9.57,24.0,0.45,0,0,0,1,0,0,0,0,1,1,0,0,0,0,1,1
43.0,74487.0,162220.0,336.0,3.0,3.0,10.95,60.0,0.54,0,0,0,0,0,1,1,0,1,1,0,0,0,0,0,1
53.0,109945.0,174736.0,709.0,75.0,2.0,14.15,48.0,0.43,0,0,0,1,0,0,0,0,1,1,0,0,0,0,1,1
21.0,96663.0,93929.0,467.0,100.0,1.0,17.62,24.0,0.28,1,0,0,0,0,0,0,0,0,0,0,0,0,0,1,1
29.0,123122.0,33475.0,439.0,25.0,2.0,15.73,60.0,0.77,0,0,0,0,0,1,0,1,1,1,0,0,0,0,1,0
69.0,100830.0,8430.0,669.0,65.0,1.0,9.95,36.0,0.84,0,0,0,0,0,0,0,1,0,1,0,0,0,0,0,0
57.0,119115.0,205371.0,731.0,99.0,4.0,5.82,12.0,0.69,1,0,0,0,0,0,0,1,0,0,0,0,0,0,0,0
32.0,112156.0,173027.0,562.0,92.0,3.0,23.83,60.0,0.62,1,0,0,0,0,0,1,0,1,1,0,0,0,0,1,1
27.0,38196.0,100882.0,717.0,1.0,1.0,8.16,60.0,0.59,0,0,0,0,0,0,0,0,0,1,0,0,0,0,0,1
39.0,72520.0,39694.0,539.0,84.0,4.0,2.67,60.0,0.72,1,0,0,0,0,1,1,0,1,1,0,0,0,0,1,0
18.0,102375.0,140343.0,365.0,116.0,1.0,2.66,60.0,0.36,1,0,0,0,1,0,0,1,0,0,0,0,0,0,0,1
60.0,24926.0,99600.0,630.0,49.0,4.0,11.91,48.0,0.73,1,0,0,0,1,0,0,1,0,0,0,0,0,0,1,0
18.0,71264.0,80653.0,573.0,21.0,3.0,19.41,60.0,0.29,0,0,0,0,0,1,0,1,0,1,0,0,0,0,0,1
35.0,26196.0,47631.0,310.0,61.0,4.0,24.38,48.0,0.59,1,0,0,0,0,1,0,0,1,1,0,0,0,0,1,0
36.0,124726.0,48643.0,633.0,27.0,2.0,9.17,36.0,0.6,0,0,0,0,0,0,0,1,0,0,0,0,0,0,0,0
37.0,40924.0,38483.0,788.0,3.0,2.0,9.78,24.0,0.28,0,0,0,1,0,0,0,0,0,1,0,0,0,0,0,1
31.0,87938.0,224786.0,415.0,47.0,3.0,5.9,36.0,0.44,0,0,0,0,1,0,0,1,0,0,0,0,0,0,0,1
51.0,132126.0,186710.0,394.0,75.0,2.0,23.03,36.0,0.18,0,0,0,0,1,0,1,0,0,1,0,0,0,0,1,0
32.0,73713.0,211340.0,374.0,87.0,4.0,21.8,36.0,0.51,0,0,0,0,0,1,1,0,0,1,0,0,0,0,1,0
68.0,112005.0,237273.0,593.0,75.0,1.0,11.0,24.0,0.29,0,0,0,0,0,1,1,0,1,0,0,0,0,0,1,0
25.0,35086.0,70806.0,348.0,119.0,3.0,8.87,24.0,0.86,0,0,0,0,0,1,0,1,0,1,0,0,0,0,0,0
56.0,89272.0,165500.0,550.0,29.0,2.0,20.09,36.0,0.69,0,0,0,0,0,1,0,1,1,0,0,0,0,0,0,1
23.0,83737.0,128490.0,821.0,100.0,4.0,13.93,60.0,0.49,0,0,0,0,1,0,1,0,0,1,0,0,0,0,0,1
37.0,23462.0,233549.0,532.0,4.0,1.0,15.86,60.0,0.81,0,0,0,0,0,0,0,1,0,0,0,0,0,0,0,1
44.0,89370.0,231594.0,361.0,35.0,3.0,14.98,12.0,0.87,0,0,0,1,0,0,0,0,0,1,0,0,0,0,0,1
35.0,69588.0,38199.0,607.0,58.0,3.0,14.57,48.0,0.84,0,0,0,0,1,0,1,0,0,1,0,0,0,0,1,1
22.0,124187.0,8297.0,418.0,36.0,3.0,9.26,60.0,0.44,0,0,0,0,1,0,1,0,0,0,0,0,0,0,0,1
62.0,73886.0,108351.0,461.0,56.0,3.0,6.79,36.0,0.86,0,0,0,1,0,0,1,0,1,1,0,0,0,0,1,0
44.0,22161.0,59407.0,579.0,6.0,4.0,7.12,48.0,0.13,0,0,0,0,1,0,0,1,1,1,0,0,0,0,0,0
38.0,15542.0,230240.0,321.0,66.0,4.0,24.43,12.0,0.29,0,0,0,0,1,0,0,1,0,0,0,0,0,0,0,1
56.0,32433.0,109063.0,606.0,101.0,4.0,5.74,48.0,0.47,0,0,0,0,1,0,1,0,1,0,0,0,0,0,1,0
28.0,28501.0,155861.0,641.0,47.0,4.0,5.64,48.0,0.43,1,0,0,1,0,0,1,0,1,0,0,0,0,0,0,1
31.0,40896.0,218617.0,512.0,26.0,3.0,19.59,48.0,0.71,0,0,0,0,1,0,1,0,0,0,0,0,0,0,0,1
31.0,133502.0,154198.0,512.0,104.0,3.0,17.03,48.0,0.68,1,0,0,0,0,1,0,1,0,1,0,0,0,0,1,0
69.0,23003.0,151308.0,535.0,27.0,1.0,20.32,12.0,0.55,0,0,0,0,0,0,1,0,0,1,0,0,0,0,1,1
56.0,53812.0,96413.0,344.0,55.0,1.0,24.99,12.0,0.7,0,0,0,0,0,1,0,1,0,0,0,0,0,0,0,1
29.0,37987.0,249516.0,688.0,85.0,3.0,18.32,36.0,0.52,0,0,0,1,0,0,0,0,0,0,0,0,0,0,1,1
40.0,92359.0,249556.0,542.0,23.0,3.0,23.52,60.0,0.67,0,0,0,0,0,1,0,0,0,1,0,0,0,0,1,1
25.0,70328.0,35910.0,679.0,65.0,3.0,23.77,24.0,0.62,1,0,0,0,0,0,0,1,1,0,0,0,0,0,0,1
18.0,17634.0,141181.0,332.0,44.0,2.0,22.48,60.0,0.47,1,0,0,0,1,0,1,0,0,0,0,0,0,0,1,1
48.0,39052.0,238304.0,562.0,104.0,2.0,23.57,24.0,0.77,0,0,0,0,0,1,0,0,1,0,0,0,0,0,1,1
21.0,84277.0,89656.0,552.0,35.0,1.0,16.2,60.0,0.82,0,0,0,0,1,0,1,0,1,1,0,0,0,0,1,1
50.0,95183.0,25963.0,602.0,26.0,4.0,17.31,60.0,0.23,1,0,0,0,0,0,0,1,0,0,0,0,0,0,0,0
59.0,70019.0,118513.0,630.0,5.0,4.0,15.95,48.0,0.58,0,0,0,0,0,0,1,0,0,0,0,0,0,0,1,1
18.0,67550.0,149494.0,321.0,45.0,3.0,17.36,36.0,0.58,0,0,0,0,1,0,0,0,0,1,0,0,0,0,1,1
30.0,85285.0,61741.0,633.0,34.0,2.0,9.99,36.0,0.15,0,0,0,0,1,0,1,0,0,0,0,0,0,0,1,1
18.0,25951.0,68980.0,509.0,14.0,4.0,19.85,48.0,0.89,0,0,0,0,0,0,1,0,1,0,0,0,0,0,1,1
37.0,36937.0,227311.0,562.0,58.0,2.0,15.32,24.0,0.32,0,0,0,0,1,0,1,0,1,1,0,0,0,0,1,0
68.0,40968.0,160586.0,576.0,106.0,4.0,16.16,12.0,0.48,0,0,0,0,1,0,0,1,1,1,0,0,0,0,1,1
44.0,29646.0,213421.0,466.0,60.0,2.0,19.9,24.0,0.5,0,0,0,1,0,0,0,1,1,1,0,0,0,0,1,1
26.0,143140.0,29435.0,364.0,29.0,4.0,24.96,36.0,0.2,0,0,0,0,1,0,0,0,1,1,0,0,0,0,0,0
38.0,24471.0,105248.0,471.0,51.0,1.0,14.11,12.0,0.73,0,0,0,0,1,0,0,0,0,1,0,0,0,0,0,1
33.0,57874.0,186919.0,388.0,36.0,2.0,14.1,60.0,0.68,0,0,0,0,0,0,1,0,1,0,0,0,0,0,0,0
34.0,49604.0,226682.0,681.0,73.0,4.0,19.86,24.0,0.82,0,0,0,0,0,0,0,1,1,0,0,0,0,0,1,1
27.0,130504.0,226547.0,513.0,104.0,3.0,14.72,48.0,0.75,0,0,0,0,0,0,0,1,1,1,0,0,0,0,1,1
22.0,106244.0,129306.0,361.0,25.0,1.0,7.12,24.0,0.25,0,0,0,0,0,1,0,1,1,1,0,0,0,0,0,1
63.0,108736.0,240514.0,693.0,83.0,3.0,20.38,24.0,0.75,0,0,0,0,0,1,1,0,0,0,0,0,0,0,1,0
38.0,95243.0,186656.0,590.0,100.0,2.0,9.71,24.0,0.35,0,0,0,1,0,0,0,0,0,0,0,0,0,0,1,1
19.0,15460.0,201710.0,412.0,114.0,3.0,23.84,12.0,0.61,1,0,0,0,0,1,0,0,1,1,0,0,0,0,0,1
51.0,145870.0,197725.0,817.0,84.0,3.0,9.87,60.0,0.46,0,0,0,1,0,0,0,0,0,1,0,0,0,0,1,0
43.0,75554.0,203650.0,682.0,80.0,1.0,21.01,36.0,0.19,1,0,0,0,1,0,1,0,1,0,0,0,0,0,1,0
48.0,34335.0,181184.0,315.0,42.0,3.0,16.21,48.0,0.3,0,0,0,0,1,0,1,0,1,0,0,0,0,0,1,1
22.0,91886.0,199974.0,415.0,112.0,2.0,23.94,36.0,0.71,0,0,0,0,0,1,0,0,1,1,0,0,0,0,1,1
65.0,59627.0,174206.0,504.0,96.0,1.0,22.04,12.0,0.74,0,0,0,1,0,0,0,1,1,0,0,0,0,0,1,0
51.0,122842.0,22765.0,414.0,101.0,4.0,10.32,12.0,0.79,0,0,0,0,0,1,1,0,0,1,0,0,0,0,0,1
45.0,140079.0,17690.0,373.0,76.0,4.0,24.68,48.0,0.69,1,0,0,0,0,0,0,1,1,1,0,0,0,0,0,1
46.0,70573.0,100541.0,762.0,17.0,3.0,14.99,24.0,0.13,0,0,0,1,0,0,1,0,0,1,0,0,0,0,0,0
59.0,51638.0,48095.0,438.0,39.0,4.0,12.48,60.0,0.49,0,0,0,0,1,0,0,1,0,0,0,0,0,0,1,0
39.0,90861.0,214506.0,580.0,107.0,2.0,12.7,12.0,0.41,0,0,0,0,0,0,0,0,0,1,0,0,0,0,0,1
43.0,102245.0,217362.0,651.0,24.0,1.0,8.68,36.0,0.17,0,0,0,0,0,1,0,1,1,0,0,0,0,0,1,0
68.0,147729.0,132035.0,305.0,72.0,2.0,5.56,12.0,0.52,0,0,0,0,1,0,0,1,0,1,0,0,0,0,0,0
45.0,16800.0,157251.0,581.0,1.0,3.0,20.3,12.0,0.76,0,0,0,0,0,1,0,1,1,0,0,0,0,0,0,1
34.0,132176.0,49610.0,420.0,7.0,1.0,16.66,60.0,0.3,0,0,0,0,0,1,0,1,1,1,0,0,0,0,1,1
49.0,113270.0,199067.0,736.0,7.0,3.0,5.59,48.0,0.23,0,0,0,0,1,0,0,0,1,1,0,0,0,0,0,0
40.0,95831.0,42588.0,505.0,87.0,2.0,22.58,12.0,0.86,0,0,0,0,0,1,0,0,1,1,0,0,0,0,0,1
35.0,49569.0,49412.0,847.0,16.0,2.0,23.48,36.0,0.78,0,0,0,1,0,0,0,0,1,1,0,0,0,0,0,0
25.0,20438.0,196825.0,766.0,99.0,3.0,19.22,60.0,0.52,0,0,0,1,0,0,1,0,0,1,0,0,0,0,0,1
27.0,146261.0,103533.0,469.0,78.0,3.0,8.12,12.0,0.28,0,0,0,0,1,0,0,1,0,0,0,0,0,0,0,1
23.0,56699.0,93460.0,672.0,8.0,4.0,14.06,12.0,0.61,0,0,0,0,1,0,0,1,1,0,0,0,0,0,1,1
65.0,57731.0,190552.0,650.0,87.0,4.0,8.69,60.0,0.51,0,0,0,0,1,0,0,1,1,1,0,0,0,0,0,0
37.0,114430.0,99631.0,734.0,5.0,1.0,23.02,24.0,0.19,0,0,0,1,0,0,1,0,0,1,0,0,0,0,1,0
30.0,109601.0,138409.0,397.0,17.0,3.0,17.74,60.0,0.15,0,0,0,0,0,1,1,0,1,1,0,0,0,0,1,1
58.0,45392.0,56409.0,492.0,119.0,1.0,15.46,36.0,0.86,1,0,0,1,0,0,0,0,1,1,0,0,0,0,1,1
25.0,24223.0,49677.0,669.0,57.0,2.0,2.53,12.0,0.27,0,0,0,0,0,0,0,1,0,0,0,0,0,0,0,0
27.0,147675.0,162498.0,769.0,111.0,4.0,24.59,48.0,0.2,0,0,0,0,1,0,1,0,0,1,0,0,0,0,0,0
61.0,127798.0,205845.0,610.0,96.0,4.0,18.74,12.0,0.86,0,0,0,0,0,0,1,0,0,1,0,0,0,0,0,0
60.0,83381.0,238155.0,549.0,4.0,3.0,9.61,12.0,0.47,1,0,0,0,0,1,0,0,1,1,0,0,0,0,0,0
68.0,32252.0,175217.0,607.0,88.0,2.0,17.99,36.0,0.42,0,0,0,0,1,0,0,1,0,0,0,0,0,0,0,0
55.0,130180.0,222163.0,506.0,21.0,4.0,8.06,36.0,0.59,0,0,0,0,0,1,0,0,0,0,0,0,0,0,0,1
22.0,109042.0,85826.0,700.0,54.0,2.0,12.73,36.0,0.52,0,0,0,0,1,0,0,0,0,0,0,0,0,0,0,1
52.0,41552.0,105422.0,609.0,111.0,2.0,2.57,48.0,0.45,1,0,0,0,0,0,0,0,0,1,0,0,0,0,0,0
20.0,137253.0,234144.0,393.0,70.0,1.0,20.19,12.0,0.56,1,0,0,1,0,0,1,0,1,0,0,0,0,0,1,0
22.0,117392.0,237076.0,498.0,5.0,4.0,18.5,60.0,0.48,0,0,0,1,0,0,1,0,0,0,0,0,0,0,0,0
45.0,128278.0,27000.0,774.0,58.0,1.0,11.29,12.0,0.48,0,0,0,1,0,0,0,0,1,1,0,0,0,0,1,0
35.0,34036.0,143373.0,437.0,113.0,2.0,16.66,36.0,0.22,0,0,0,1,0,0,0,1,1,0,0,0,0,0,1,1
44.0,39370.0,218841.0,481.0,36.0,1.0,16.93,36.0,0.86,0,0,0,1,0,0,1,0,1,0,0,0,0,0,0,0
58.0,30019.0,21932.0,725.0,39.0,1.0,10.64,60.0,0.15,0,0,0,0,0,1,0,0,0,1,0,0,0,0,1,0
32.0,95712.0,130770.0,667.0,62.0,4.0,17.1,60.0,0.65,1,0,0,1,0,0,0,1,1,0,0,0,0,0,0,0
65.0,75247.0,234945.0,348.0,42.0,3.0,12.62,60.0,0.84,0,0,0,0,0,0,1,0,1,0,0,0,0,0,0,0
67.0,75480.0,78464.0,530.0,68.0,2.0,24.2,12.0,0.71,1,0,0,0,0,0,1,0,0,1,0,0,0,0,0,0
32.0,82931.0,5176.0,638.0,12.0,3.0,14.56,24.0,0.23,0,0,0,0,0,0,1,0,1,1,0,0,0,0,1,1
19.0,23586.0,59757.0,413.0,36.0,3.0,19.57,36.0,0.77,1,0,0,0,0,0,0,0,0,1,0,0,0,0,0,1
34.0,76158.0,188538.0,406.0,118.0,4.0,8.62,36.0,0.76,1,0,0,0,0,0,1,0,0,0,0,0,0,0,1,0
49.0,71736.0,34650.0,741.0,8.0,1.0,18.36,24.0,0.18,0,0,0,0,1,0,0,0,1,0,0,0,0,0,0,1
35.0,124258.0,81314.0,421.0,80.0,3.0,12.01,12.0,0.37,1,0,0,1,0,0,1,0,0,1,0,0,0,0,1,0
47.0,80478.0,174178.0,397.0,51.0,1.0,19.23,48.0,0.88,0,0,0,0,0,0,0,1,0,0,0,0,0,0,0,1
22.0,15953.0,236793.0,430.0,11.0,3.0,19.99,36.0,0.72,1,0,0,0,1,0,1,0,1,1,0,0,0,0,0,1
33.0,66705.0,248856.0,398.0,90.0,2.0,24.42,60.0,0.23,0,0,0,1,0,0,1,0,0,1,0,0,0,0,1,1
54.0,72802.0,96605.0,366.0,35.0,1.0,23.77,48.0,0.56,0,0,0,0,1,0,0,0,1,0,0,0,0,0,0,1
27.0,18779.0,215669.0,631.0,60.0,3.0,2.6,12.0,0.56,0,0,0,0,1,0,1,0,0,0,0,0,0,0,1,0
22.0,45501.0,225429.0,458.0,94.0,2.0,23.67,24.0,0.33,1,0,0,0,0,0,0,1,1,0,0,0,0,0,0,1
43.0,39360.0,180758.0,330.0,114.0,2.0,23.77,48.0,0.7,0,0,0,0,1,0,0,0,0,0,0,0,0,0,0,1
18.0,57267.0,161896.0,393.0,20.0,1.0,15.81,24.0,0.74,0,0,0,1,0,0,0,0,1,1,0,0,0,0,0,1
29.0,39451.0,60925.0,517.0,55.0,3.0,21.78,12.0,0.31,0,0,0,1,0,0,0,1,0,0,0,0,0,0,0,1
21.0,46688.0,89827.0,513.0,11.0,4.0,24.82,48.0,0.26,0,0,0,0,0,1,1,0,0,0,0,0,0,0,0,1
24.0,98109.0,122831.0,382.0,62.0,1.0,5.88,24.0,0.38,1,0,0,0,1,0,0,1,0,1,0,0,0,0,0,1
29.0,75462.0,16608.0,459.0,49.0,4.0,10.83,24.0,0.73,0,0,0,0,0,1,0,0,0,0,0,0,0,0,0,1
32.0,126696.0,48433.0,639.0,82.0,3.0,17.64,24.0,0.76,1,0,0,0,0,1,1,0,0,0,0,0,0,0,1,1
25.0,111772.0,62980.0,377.0,55.0,1.0,12.47,12.0,0.86,0,0,0,0,0,1,0,0,0,1,0,0,0,0,1,1
55.0,38707.0,202141.0,822.0,5.0,4.0,3.65,60.0,0.78,0,0,0,1,0,0,0,0,0,0,0,0,0,0,1,0
46.0,80496.0,215762.0,801.0,5.0,2.0,6.68,12.0,0.21,0,0,0,0,0,1,0,0,1,1,0,0,0,0,1,0
25.0,110505.0,32502.0,789.0,59.0,3.0,7.63,60.0,0.28,0,0,0,0,0,1,0,0,0,0,0,0,0,0,0,1
57.0,61968.0,60649.0,356.0,72.0,1.0,10.69,12.0,0.83,0,0,0,0,0,1,0,0,0,1,0,0,0,0,0,0
35.0,35398.0,124519.0,551.0,107.0,1.0,18.49,24.0,0.22,0,0,0,0,0,0,0,0,1,0,0,0,0,0,0,0
42.0,46643.0,45763.0,698.0,95.0,3.0,11.77,48.0,0.8,0,0,0,0,0,1,0,1,1,0,0,0,0,0,1,0
31.0,43550.0,106327.0,559.0,96.0,3.0,4.38,36.0,0.32,0,0,0,0,0,0,1,0,1,0,0,0,0,0,0,0
24.0,143797.0,15462.0,307.0,47.0,2.0,5.88,48.0,0.67,0,0,0,1,0,0,0,0,1,0,0,0,0,0,1,0
59.0,29288.0,153401.0,830.0,59.0,1.0,2.8,48.0,0.13,0,0,0,0,0,0,0,0,0,0,0,0,0,0,0,0
60.0,99068.0,221336.0,545.0,59.0,3.0,22.84,12.0,0.85,0,0,0,0,0,0,1,0,1,0,0,0,0,0,1,1
20.0,32560.0,167119.0,746.0,118.0,1.0,15.23,24.0,0.61,0,0,0,0,1,0,0,1,1,1,0,0,0,0,1,0
66.0,144031.0,88970.0,544.0,31.0,1.0,10.24,24.0,0.71,0,0,0,1,0,0,0,0,1,0,0,0,0,0,1,0
32.0,144822.0,197574.0,623.0,30.0,3.0,9.83,60.0,0.36,1,0,0,0,1,0,0,0,1,1,0,0,0,0,0,0
43.0,104939.0,149654.0,672.0,51.0,1.0,6.08,12.0,0.86,0,0,0,0,0,0,0,0,0,1,0,0,0,0,0,0
19.0,17888.0,239375.0,654.0,101.0,4.0,16.68,36.0,0.35,0,0,0,1,0,0,0,1,1,0,0,0,0,0,1,1
18.0,33668.0,215180.0,651.0,14.0,4.0,16.1,36.0,0.4,1,0,0,0,0,0,0,0,1,0,0,0,0,0,1,1
19.0,88517.0,247777.0,401.0,35.0,1.0,22.49,60.0,0.85,0,0,0,0,0,0,1,0,0,1,0,0,0,0,0,1
42.0,59926.0,102640.0,383.0,55.0,3.0,4.18,12.0,0.28,0,0,0,1,0,0,0,1,1,0,0,0,0,0,0,0
35.0,113815.0,242949.0,567.0,108.0,3.0,5.24,36.0,0.84,0,0,0,1,0,0,1,0,0,1,0,0,0,0,1,0
43.0,84172.0,125374.0,810.0,56.0,4.0,5.11,48.0,0.69,0,0,0,0,1,0,0,0,1,1,0,0,0,0,1,0
39.0,126981.0,52452.0,766.0,21.0,2.0,8.22,48.0,0.71,1,0,0,0,0,0,0,0,0,0,0,0,0,0,0,1
44.0,56047.0,175894.0,527.0,46.0,3.0,15.49,48.0,0.57,0,0,0,0,0,1,0,1,0,0,0,0,0,0,0,1
63.0,66937.0,212212.0,433.0,26.0,4.0,19.83,36.0,0.61,0,0,0,0,1,0,1,0,1,1,0,0,0,0,1,1
35.0,82865.0,148119.0,331.0,57.0,4.0,8.72,60.0,0.52,0,0,0,1,0,0,0,0,1,0,0,0,0,0,0,1
55.0,112631.0,105727.0,354.0,112.0,2.0,21.44,24.0,0.78,0,0,0,0,1,0,1,0,0,0,0,0,0,0,0,0
67.0,99772.0,141828.0,692.0,32.0,4.0,19.61,36.0,0.45,0,0,0,1,0,0,1,0,1,0,0,0,0,0,0,0
57.0,95824.0,31938.0,563.0,47.0,1.0,12.07,60.0,0.29,0,0,0,1,0,0,0,1,0,1,0,0,0,0,1,1
65.0,145236.0,235031.0,435.0,49.0,3.0,19.01,24.0,0.11,1,0,0,0,1,0,0,1,0,1,0,0,0,0,1,1
47.0,33795.0,66072.0,789.0,72.0,2.0,19.04,48.0,0.8,0,0,0,0,1,0,0,0,1,0,0,0,0,0,1,1
31.0,23017.0,202075.0,417.0,115.0,4.0,18.0,48.0,0.28,1,0,0,0,0,1,0,0,0,0,0,0,0,0,1,1
29.0,107756.0,144284.0,528.0,19.0,2.0,15.63,48.0,0.29,1,0,0,0,0,1,0,1,1,0,0,0,0,0,1,0
66.0,135503.0,169109.0,389.0,47.0,4.0,21.5,24.0,0.37,0,0,0,0,0,0,0,0,0,1,0,0,0,0,0,1
34.0,71191.0,52620.0,558.0,107.0,1.0,18.87,12.0,0.87,0,0,0,0,1,0,0,1,0,1,0,0,0,0,0,1
19.0,148430.0,78753.0,699.0,52.0,2.0,24.26,24.0,0.62,0,0,0,0,0,1,0,1,1,1,0,0,0,0,1,1
26.0,49395.0,51635.0,550.0,70.0,4.0,19.06,36.0,0.72,1,0,0,0,1,0,0,1,1,1,0,0,0,0,0,0
64.0,102614.0,246431.0,714.0,16.0,4.0,18.42,36.0,0.64,0,0,0,1,0,0,0,0,0,0,0,0,0,0,0,1
54.0,76009.0,92523.0,770.0,20.0,1.0,21.06,60.0,0.24,0,0,0,1,0,0,0,1,0,0,0,0,0,0,0,1
69.0,57928.0,160759.0,385.0,42.0,2.0,8.42,48.0,0.89,1,0,0,0,0,1,0,1,0,0,0,0,0,0,1,0
45.0,70832.0,180020.0,770.0,34.0,4.0,9.29,60.0,0.19,0,0,0,0,0,1,0,1,0,0,0,0,0,0,1,0
52.0,27504.0,20084.0,767.0,95.0,3.0,13.81,48.0,0.47,0,0,0,0,0,0,0,1,1,1,0,0,0,0,1,0
53.0,71265.0,26911.0,338.0,102.0,4.0,12.32,24.0,0.78,0,0,0,0,0,0,1,0,1,0,0,0,0,0,0,0
55.0,87238.0,74629.0,566.0,24.0,1.0,15.96,24.0,0.14,0,0,0,1,0,0,0,0,1,1,0,0,0,0,1,0
36.0,74982.0,60354.0,712.0,47.0,1.0,19.68,48.0,0.12,0,0,0,1,0,0,0,1,1,0,0,0,0,0,0,0
31.0,148193.0,233843.0,384.0,64.0,1.0,9.84,60.0,0.3,0,0,0,0,1,0,0,0,1,1,0,0,0,0,1,1
50.0,130616.0,178391.0,782.0,46.0,4.0,5.57,36.0,0.75,0,0,0,0,1,0,0,1,0,1,0,0,0,0,0,1
40.0,18391.0,175729.0,430.0,23.0,2.0,11.68,36.0,0.31,1,0,0,0,0,1,0,0,1,0,0,0,0,0,0,1
66.0,29609.0,10025.0,718.0,50.0,1.0,23.33,60.0,0.2,0,0,0,1,0,0,0,1,0,1,0,0,0,0,0,0
46.0,18293.0,109314.0,785.0,41.0,4.0,19.97,60.0,0.55,1,0,0,0,0,1,0,0,1,1,0,0,0,0,1,1
20.0,121769.0,239342.0,513.0,26.0,2.0,18.76,24.0,0.15,1,0,0,1,0,0,1,0,0,0,0,0,0,0,0,1
20.0,93929.0,82790.0,609.0,61.0,3.0,16.03,48.0,0.74,0,0,0,0,0,1,1,0,1,0,0,0,0,0,1,1
45.0,45700.0,190169.0,562.0,80.0,2.0,15.72,12.0,0.82,0,0,0,1,0,0,0,1,0,1,0,0,0,0,0,1
33.0,23558.0,188876.0,492.0,95.0,1.0,10.3,60.0,0.71,0,0,0,0,0,1,1,0,0,0,0,0,0,0,1,1
24.0,108151.0,231043.0,339.0,54.0,1.0,7.48,12.0,0.79,0,0,0,1,0,0,0,1,0,0,0,0,0,0,0,0
68.0,117121.0,68421.0,397.0,11.0,4.0,18.67,36.0,0.74,0,0,0,0,0,0,0,0,1,1,0,0,0,0,1,0
48.0,111364.0,224945.0,350.0,8.0,3.0,13.8,24.0,0.63,1,0,0,0,1,0,0,1,0,1,0,0,0,0,1,0
41.0,87579.0,124810.0,395.0,11.0,3.0,16.52,24.0,0.78,0,0,0,0,1,0,0,0,1,1,0,0,0,0,0,1
36.0,91507.0,243801.0,612.0,2.0,2.0,19.66,36.0,0.23,0,0,0,0,0,0,0,1,0,1,0,0,0,0,1,1
43.0,124078.0,33943.0,766.0,12.0,3.0,22.85,60.0,0.59,1,0,0,1,0,0,1,0,0,0,0,0,0,0,1,1
43.0,114087.0,199233.0,666.0,88.0,2.0,19.65,24.0,0.79,1,0,0,1,0,0,1,0,0,1,0,0,0,0,0,1
29.0,140418.0,33790.0,313.0,74.0,1.0,2.68,48.0,0.54,0,0,0,1,0,0,0,1,1,0,0,0,0,0,1,1
55.0,41110.0,64076.0,611.0,65.0,2.0,5.87,12.0,0.37,0,0,0,0,0,1,0,0,1,0,0,0,0,0,0,0
66.0,78208.0,189820.0,301.0,56.0,4.0,10.94,24.0,0.83,1,0,0,0,1,0,0,1,0,0,0,0,0,0,1,0
46.0,129581.0,108380.0,541.0,73.0,2.0,7.43,12.0,0.59,0,0,0,0,0,1,0,0,0,0,0,0,0,0,0,0
29.0,19337.0,176822.0,783.0,65.0,1.0,6.17,12.0,0.58,0,0,0,1,0,0,1,0,0,1,0,0,0,0,1,1
22.0,50631.0,149592.0,782.0,17.0,1.0,12.2,24.0,0.46,0,0,0,0,0,0,0,1,0,0,0,0,0,0,0,1
67.0,72855.0,178979.0,795.0,4.0,2.0,24.31,12.0,0.26,0,0,0,1,0,0,1,0,0,1,0,0,0,0,1,0
33.0,84460.0,159327.0,387.0,82.0,1.0,17.63,48.0,0.3,1,0,0,1,0,0,0,0,0,1,0,0,0,0,0,0
19.0,106071.0,203657.0,371.0,11.0,4.0,20.35,48.0,0.41,0,0,0,1,0,0,0,0,1,1,0,0,0,0,0,0
28.0,141250.0,137914.0,779.0,29.0,4.0,3.03,24.0,0.87,0,0,0,0,0,0,0,1,0,0,0,0,0,0,0,0
30.0,48722.0,136206.0,572.0,90.0,1.0,15.25,48.0,0.55,0,0,0,1,0,0,0,0,1,0,0,0,0,0,0,1
63.0,54106.0,101889.0,412.0,59.0,1.0,3.6,12.0,0.38,1,0,0,0,0,1,1,0,0,1,0,0,0,0,1,0
52.0,81718.0,196280.0,502.0,96.0,3.0,14.65,24.0,0.43,0,0,0,0,1,0,0,0,0,0,0,0,0,0,0,0
35.0,123131.0,230211.0,846.0,36.0,2.0,7.51,24.0,0.24,0,0,0,1,0,0,0,1,1,0,0,0,0,0,1,1
20.0,101453.0,26727.0,719.0,54.0,4.0,23.11,12.0,0.81,0,0,0,1,0,0,1,0,1,1,0,0,0,0,0,0
24.0,63132.0,120754.0,406.0,106.0,3.0,23.86,36.0,0.11,1,0,0,0,0,1,1,0,1,1,0,0,0,0,0,1
22.0,111673.0,173661.0,664.0,89.0,4.0,16.97,36.0,0.29,0,0,0,0,0,0,1,0,0,0,0,0,0,0,0,1
26.0,65169.0,79368.0,478.0,15.0,1.0,5.31,36.0,0.84,0,0,0,0,0,0,0,0,1,1,0,0,0,0,0,1
51.0,96997.0,196355.0,311.0,26.0,4.0,10.36,60.0,0.23,1,0,0,0,0,0,0,1,1,1,0,0,0,0,0,0
46.0,30969.0,211332.0,793.0,81.0,4.0,7.87,48.0,0.38,0,0,0,0,0,1,0,1,0,0,0,0,0,0,1,1
61.0,91990.0,203709.0,302.0,50.0,4.0,15.88,48.0,0.38,0,0,0,1,0,0,0,1,0,0,0,0,0,0,0,1
63.0,38728.0,226909.0,462.0,36.0,4.0,4.02,48.0,0.77,0,0,0,1,0,0,0,1,1,0,0,0,0,0,0,0
34.0,61251.0,44779.0,569.0,13.0,3.0,8.14,36.0,0.49,0,0,0,0,1,0,1,0,1,0,0,0,0,0,1,1
44.0,70489.0,158455.0,460.0,67.0,4.0,17.82,24.0,0.66,1,0,0,0,0,0,0,0,0,0,0,0,0,0,1,1
32.0,51060.0,109946.0,821.0,100.0,3.0,18.75,24.0,0.27,0,0,0,0,1,0,0,0,1,0,0,0,0,0,0,0
62.0,125458.0,73324.0,360.0,3.0,1.0,7.18,60.0,0.78,1,0,0,0,0,0,0,0,1,0,0,0,0,0,0,0
22.0,126735.0,17775.0,339.0,6.0,3.0,11.0,36.0,0.9,0,0,0,1,0,0,1,0,1,0,0,0,0,0,1,1
34.0,148520.0,96035.0,351.0,37.0,4.0,13.78,48.0,0.42,1,0,0,0,0,0,0,0,1,0,0,0,0,0,0,1
29.0,17665.0,64436.0,639.0,73.0,1.0,6.02,60.0,0.3,0,0,0,1,0,0,0,0,0,0,0,0,0,0,1,0
68.0,80224.0,100082.0,383.0,10.0,3.0,19.65,36.0,0.43,0,0,0,0,0,1,0,0,1,0,0,0,0,0,1,0
45.0,87193.0,190236.0,494.0,25.0,1.0,13.51,48.0,0.77,1,0,0,0,0,1,1,0,0,0,0,0,0,0,1,1
20.0,82103.0,174239.0,734.0,18.0,1.0,12.63,48.0,0.26,0,0,0,0,1,0,0,1,1,1,0,0,0,0,0,0
24.0,20987.0,175355.0,378.0,17.0,1.0,16.04,12.0,0.82,0,0,0,0,0,1,0,1,1,0,0,0,0,0,1,1
19.0,119993.0,86742.0,834.0,22.0,1.0,5.63,48.0,0.59,1,0,0,1,0,0,1,0,1,0,0,0,0,0,1,0
25.0,73411.0,28493.0,616.0,105.0,1.0,23.65,24.0,0.24,1,0,0,0,0,1,0,1,0,1,0,0,0,0,1,1
65.0,94275.0,154087.0,453.0,61.0,2.0,23.07,12.0,0.82,1,0,0,0,1,0,0,1,0,1,0,0,0,0,0,0
21.0,105587.0,247411.0,623.0,80.0,4.0,17.58,12.0,0.65,1,0,0,0,0,1,0,1,0,1,0,0,0,0,0,1
53.0,110367.0,137188.0,432.0,4.0,1.0,16.78,24.0,0.81,0,0,0,0,0,1,1,0,1,0,0,0,0,0,1,0
18.0,92221.0,29046.0,509.0,103.0,1.0,6.37,60.0,0.3,1,0,0,1,0,0,0,1,0,0,0,0,0,0,0,1
52.0,47796.0,79160.0,784.0,53.0,4.0,10.05,36.0,0.78,0,0,0,0,0,0,0,1,0,1,0,0,0,0,1,1
34.0,32411.0,22312.0,814.0,110.0,4.0,19.08,12.0,0.74,0,0,0,1,0,0,0,1,1,1,0,0,0,0,0,1
23.0,82398.0,17646.0,556.0,118.0,2.0,14.72,48.0,0.75,0,0,0,0,0,1,0,0,0,1,0,0,0,0,0,0
43.0,103359.0,177419.0,417.0,64.0,2.0,9.8,36.0,0.61,1,0,0,0,0,1,0,1,0,0,0,0,0,0,0,1
34.0,61026.0,217698.0,793.0,74.0,4.0,11.83,60.0,0.53,0,0,0,0,0,1,1,0,1,1,0,0,0,0,0,1
19.0,111969.0,229903.0,747.0,15.0,1.0,20.03,48.0,0.63,0,0,0,0,1,0,0,0,0,1,0,0,0,0,0,1
19.0,123737.0,118490.0,796.0,51.0,1.0,9.43,36.0,0.29,0,0,0,0,0,0,1,0,0,1,0,0,0,0,1,1
40.0,55314.0,212206.0,604.0,52.0,3.0,15.04,48.0,0.22,0,0,0,0,0,1,1,0,0,1,0,0,0,0,1,1
29.0,75719.0,131174.0,458.0,88.0,3.0,17.42,12.0,0.22,0,0,0,0,0,1,0,0,1,0,0,0,0,0,1,1
53.0,110765.0,33688.0,329.0,4.0,1.0,8.97,24.0,0.33,0,0,0,0,1,0,0,0,1,0,0,0,0,0,1,0
18.0,145359.0,28579.0,626.0,27.0,3.0,2.88,24.0,0.38,0,0,0,0,0,1,0,0,1,1,0,0,0,0,1,0
55.0,104196.0,131711.0,336.0,69.0,1.0,5.67,48.0,0.75,1,0,0,0,0,1,0,0,0,0,0,0,0,0,0,0
26.0,88259.0,239721.0,689.0,49.0,3.0,5.4,12.0,0.67,0,0,0,0,0,1,0,1,0,1,0,0,0,0,0,0
36.0,37622.0,141122.0,466.0,3.0,2.0,16.54,48.0,0.53,0,0,0,0,1,0,0,0,1,1,0,0,0,0,1,1
60.0,31579.0,247914.0,431.0,18.0,1.0,3.23,48.0,0.9,1,0,0,0,1,0,1,0,0,0,0,0,0,0,0,1
25.0,118576.0,217127.0,799.0,112.0,4.0,20.0,60.0,0.41,1,0,0,0,0,0,1,0,0,1,0,0,0,0,1,1
59.0,71601.0,69431.0,666.0,58.0,2.0,4.43,60.0,0.28,0,0,0,0,1,0,1,0,1,0,0,0,0,0,1,0
28.0,77124.0,10154.0,385.0,14.0,2.0,17.43,36.0,0.74,1,0,0,0,0,1,0,1,1,0,0,0,0,0,1,1
42.0,147173.0,189880.0,449.0,24.0,2.0,5.14,24.0,0.59,0,0,0,1,0,0,0,0,1,1,0,0,0,0,0,0
41.0,43948.0,240749.0,781.0,91.0,4.0,13.99,12.0,0.57,0,0,0,0,0,1,0,1,0,0,0,0,0,0,1,0
34.0,148024.0,59647.0,485.0,23.0,1.0,3.83,36.0,0.71,0,0,0,0,1,0,1,0,0,0,0,0,0,0,1,1
36.0,32527.0,167406.0,532.0,77.0,2.0,4.87,24.0,0.11,1,0,0,1,0,0,0,1,0,0,0,0,0,0,1,1
21.0,130621.0,128209.0,379.0,93.0,2.0,3.01,48.0,0.23,1,0,0,1,0,0,0,0,1,0,0,0,0,0,1,1
32.0,120833.0,25954.0,792.0,30.0,1.0,24.36,48.0,0.67,0,0,0,0,1,0,0,0,0,0,0,0,0,0,0,1
40.0,124223.0,198235.0,475.0,62.0,4.0,8.21,36.0,0.29,1,0,0,1,0,0,1,0,1,1,0,0,0,0,0,1
58.0,55520.0,161781.0,470.0,55.0,3.0,11.77,36.0,0.35,0,0,0,1,0,0,0,0,1,0,0,0,0,0,1,0
65.0,74328.0,237650.0,692.0,16.0,1.0,5.01,12.0,0.25,0,0,0,0,0,0,0,1,1,0,0,0,0,0,0,0
41.0,76647.0,164528.0,703.0,9.0,2.0,18.25,12.0,0.25,0,0,0,0,0,1,0,1,0,0,0,0,0,0,1,0
69.0,57108.0,218997.0,432.0,117.0,1.0,17.46,48.0,0.5,1,0,0,0,1,0,0,1,0,0,0,0,0,0,0,1
49.0,149986.0,179053.0,400.0,21.0,3.0,24.6,48.0,0.73,0,0,0,0,0,1,0,0,1,0,0,0,0,0,0,1
58.0,32733.0,93296.0,403.0,95.0,3.0,14.63,36.0,0.25,0,0,0,0,0,0,1,0,1,0,0,0,0,0,0,0
19.0,22854.0,201026.0,456.0,100.0,4.0,14.42,36.0,0.86,0,0,0,0,0,1,0,0,1,0,0,0,0,0,0,1
24.0,31475.0,248525.0,508.0,70.0,1.0,6.65,12.0,0.6,0,0,0,1,0,0,1,0,1,0,0,0,0,0,1,1
27.0,134256.0,107417.0,604.0,13.0,3.0,21.99,12.0,0.8,0,0,0,0,0,1,0,0,1,1,0,0,0,0,0,0
33.0,25077.0,82282.0,428.0,7.0,4.0,5.58,36.0,0.43,0,0,0,0,0,1,0,0,0,0,0,0,0,0,1,1
22.0,147901.0,47434.0,667.0,29.0,4.0,23.6,48.0,0.32,0,0,0,0,0,0,0,0,1,1,0,0,0,0,1,1
68.0,106581.0,209386.0,420.0,115.0,1.0,11.67,24.0,0.48,0,0,0,0,1,0,0,0,1,0,0,0,0,0,1,0
59.0,38711.0,247091.0,315.0,18.0,2.0,15.87,48.0,0.23,1,0,0,1,0,0,0,1,1,0,0,0,0,0,1,1
23.0,19611.0,213162.0,809.0,8.0,3.0,19.94,12.0,0.71,1,0,0,0,1,0,0,1,0,1,0,0,0,0,0,1
68.0,30352.0,194350.0,634.0,48.0,2.0,7.46,60.0,0.16,1,0,0,1,0,0,0,0,1,0,0,0,0,0,0,0
48.0,35158.0,193217.0,658.0,28.0,3.0,21.53,48.0,0.52,0,0,0,0,0,0,0,0,1,0,0,0,0,0,0,1
37.0,104852.0,219911.0,353.0,51.0,4.0,13.58,24.0,0.25,1,0,0,0,1,0,0,1,0,0,0,0,0,0,0,1
26.0,149489.0,76004.0,818.0,12.0,3.0,12.17,24.0,0.64,0,0,0,0,0,0,0,0,1,1,0,0,0,0,0,1
51.0,102678.0,140373.0,780.0,18.0,2.0,19.84,60.0,0.13,1,0,0,1,0,0,1,0,1,1,0,0,0,0,1,0
38.0,122527.0,52700.0,349.0,62.0,1.0,3.52,48.0,0.16,0,0,0,0,0,0,0,0,0,1,0,0,0,0,0,1
19.0,146557.0,43467.0,576.0,19.0,1.0,22.6,24.0,0.72,0,0,0,0,0,0,0,0,1,0,0,0,0,0,0,1
31.0,131148.0,193498.0,770.0,52.0,2.0,9.17,36.0,0.64,0,0,0,0,0,0,1,0,0,1,0,0,0,0,1,0
27.0,107302.0,63071.0,632.0,75.0,2.0,4.53,36.0,0.3,1,0,0,0,1,0,0,1,0,1,0,0,0,0,1,0
18.0,143127.0,98750.0,700.0,96.0,2.0,20.06,24.0,0.3,1,0,0,0,0,1,0,0,0,0,0,0,0,0,1,0
46.0,94761.0,31838.0,356.0,52.0,2.0,21.53,60.0,0.42,1,0,0,0,1,0,1,0,1,1,0,0,0,0,0,1
59.0,110956.0,234333.0,555.0,25.0,4.0,8.96,48.0,0.26,0,0,0,0,0,1,0,0,0,0,0,0,0,0,1,0
28.0,35319.0,117907.0,339.0,115.0,4.0,20.0,48.0,0.69,0,0,0,0,1,0,0,1,1,1,0,0,0,0,1,0
22.0,123917.0,180572.0,596.0,26.0,1.0,9.29,24.0,0.64,0,0,0,1,0,0,0,0,0,0,0,0,0,0,0,1
54.0,74191.0,171168.0,394.0,78.0,4.0,16.94,12.0,0.81,0,0,0,0,0,1,0,1,0,0,0,0,0,0,0,1
45.0,96127.0,201475.0,566.0,3.0,4.0,13.53,12.0,0.35,1,0,0,0,0,1,1,0,0,0,0,0,0,0,0,1
60.0,32512.0,191844.0,554.0,113.0,4.0,10.49,12.0,0.56,0,0,0,0,0,1,0,0,1,0,0,0,0,0,1,0
35.0,22677.0,238740.0,577.0,119.0,2.0,21.35,12.0,0.3,0,0,0,1,0,0,1,0,1,0,0,0,0,0,1,0
31.0,103189.0,36820.0,312.0,33.0,3.0,16.4,36.0,0.75,0,0,0,0,0,1,0,0,0,1,0,0,0,0,1,0
36.0,76908.0,82869.0,315.0,89.0,3.0,13.86,12.0,0.59,0,0,0,1,0,0,0,1,0,1,0,0,0,0,1,0
37.0,16982.0,150181.0,320.0,64.0,3.0,18.87,60.0,0.54,1,0,0,0,0,0,1,0,0,0,0,0,0,0,0,1
31.0,47281.0,100300.0,347.0,17.0,1.0,8.53,60.0,0.16,1,0,0,0,0,1,0,1,1,0,0,0,0,0,0,1
20.0,97952.0,193536.0,805.0,65.0,4.0,6.54,12.0,0.2,0,0,0,0,0,0,1,0,1,1,0,0,0,0,1,0
21.0,90410.0,144112.0,378.0,20.0,3.0,13.4,24.0,0.58,0,0,0,0,0,0,0,0,1,0,0,0,0,0,0,0
24.0,33240.0,52107.0,680.0,5.0,4.0,9.01,60.0,0.78,0,0,0,0,1,0,1,0,0,1,0,0,0,0,0,0
29.0,137728.0,82268.0,625.0,8.0,4.0,24.98,60.0,0.45,0,0,0,0,0,1,0,1,0,0,0,0,0,0,1,1
37.0,116616.0,11225.0,375.0,10.0,4.0,21.43,60.0,0.51,0,0,0,1,0,0,1,0,1,1,0,0,0,0,1,1
26.0,41404.0,225345.0,556.0,82.0,3.0,15.59,36.0,0.25,0,0,0,1,0,0,0,1,1,0,0,0,0,0,0,1
36.0,100553.0,116391.0,459.0,67.0,2.0,6.81,48.0,0.35,0,0,0,0,0,1,0,0,1,0,0,0,0,0,0,1
37.0,72821.0,84541.0,361.0,80.0,1.0,24.68,48.0,0.31,0,0,0,0,1,0,1,0,0,1,0,0,0,0,1,0
56.0,102806.0,37262.0,642.0,57.0,1.0,3.85,36.0,0.52,1,0,0,0,0,0,0,1,1,1,0,0,0,0,1,0
48.0,18393.0,209143.0,315.0,5.0,1.0,10.2,36.0,0.56,0,0,0,1,0,0,0,1,0,1,0,0,0,0,0,1
20.0,54595.0,126083.0,601.0,11.0,4.0,20.75,36.0,0.42,1,0,0,0,0,0,0,1,0,1,0,0,0,0,0,1
57.0,108357.0,228539.0,485.0,32.0,2.0,24.81,36.0,0.24,1,0,0,0,1,0,0,0,0,1,0,0,0,0,1,0
24.0,138874.0,95912.0,462.0,58.0,2.0,15.51,60.0,0.63,0,0,0,0,1,0,0,1,0,1,0,0,0,0,1,0
25.0,36331.0,49882.0,480.0,16.0,2.0,21.81,36.0,0.74,1,0,0,0,1,0,0,1,0,0,0,0,0,0,0,1
45.0,101409.0,162364.0,419.0,48.0,2.0,17.53,24.0,0.15,0,0,0,0,0,0,0,0,1,0,0,0,0,0,1,1
46.0,34142.0,186441.0,546.0,32.0,4.0,9.5,12.0,0.2,0,0,0,0,0,0,0,0,0,1,0,0,0,0,1,0
54.0,58884.0,31911.0,518.0,63.0,1.0,10.5,24.0,0.65,1,0,0,0,0,0,1,0,1,1,0,0,0,0,1,0
51.0,125440.0,50478.0,810.0,72.0,3.0,9.4,36.0,0.76,0,0,0,0,1,0,0,0,1,0,0,0,0,0,0,0
41.0,44181.0,182326.0,718.0,108.0,4.0,9.89,48.0,0.64,0,0,0,0,1,0,1,0,1,1,0,0,0,0,0,0
59.0,117975.0,216820.0,357.0,31.0,2.0,3.98,24.0,0.54,0,0,0,0,0,0,0,1,1,0,0,0,0,0,1,0
67.0,96386.0,82899.0,430.0,53.0,2.0,22.56,48.0,0.42,0,0,0,0,0,0,0,1,1,1,0,0,0,0,0,0
64.0,68104.0,194418.0,491.0,7.0,2.0,10.52,48.0,0.89,0,0,0,0,1,0,0,1,0,1,0,0,0,0,0,0
56.0,90981.0,48993.0,773.0,7.0,3.0,7.16,24.0,0.49,0,0,0,0,0,0,0,0,0,0,0,0,0,0,0,1
60.0,45076.0,161301.0,603.0,62.0,1.0,8.7,12.0,0.52,0,0,0,0,1,0,1,0,1,1,0,0,0,0,1,0
26.0,47806.0,42375.0,707.0,17.0,1.0,23.59,24.0,0.88,1,0,0,0,0,1,0,0,1,1,0,0,0,0,0,1
25.0,71526.0,224655.0,827.0,42.0,1.0,3.77,24.0,0.15,1,0,0,0,0,1,0,1,1,0,0,0,0,0,1,0
18.0,127142.0,111147.0,584.0,107.0,3.0,6.31,60.0,0.16,1,0,0,0,0,1,0,0,1,0,0,0,0,0,0,1
20.0,120388.0,175576.0,494.0,46.0,1.0,18.0,12.0,0.62,0,0,0,1,0,0,0,0,0,0,0,0,0,0,0,1
50.0,82470.0,121290.0,766.0,13.0,1.0,20.4,24.0,0.71,0,0,0,0,0,0,0,0,1,1,0,0,0,0,0,0
22.0,48626.0,237271.0,582.0,101.0,1.0,5.0,60.0,0.1,0,0,0,1,0,0,0,0,1,0,0,0,0,0,1,1
51.0,102931.0,48959.0,511.0,93.0,3.0,16.3,48.0,0.7,0,0,0,0,1,0,0,0,1,1,0,0,0,0,0,0
58.0,28270.0,172520.0,647.0,23.0,1.0,2.26,36.0,0.85,0,0,0,0,0,1,1,0,0,1,0,0,0,0,0,0
34.0,144332.0,46927.0,546.0,44.0,3.0,12.98,12.0,0.76,0,0,0,1,0,0,1,0,1,1,0,0,0,0,1,0
69.0,81799.0,101564.0,790.0,70.0,3.0,18.01,24.0,0.67,0,0,0,0,0,1,0,1,0,1,0,0,0,0,1,0
57.0,54283.0,214079.0,576.0,49.0,1.0,21.95,36.0,0.13,1,0,0,0,1,0,1,0,1,0,0,0,0,0,0,1
64.0,76427.0,154858.0,421.0,2.0,4.0,21.11,60.0,0.88,0,0,0,0,0,1,0,1,0,1,0,0,0,0,0,1
51.0,37058.0,152887.0,403.0,20.0,2.0,2.99,12.0,0.88,1,0,0,0,0,0,0,0,1,1,0,0,0,0,1,0
61.0,109981.0,182456.0,757.0,49.0,2.0,9.67,60.0,0.38,1,0,0,0,0,1,0,0,1,1,0,0,0,0,0,0
18.0,138455.0,130971.0,387.0,92.0,2.0,21.6,36.0,0.53,0,0,0,1,0,0,1,0,0,0,0,0,0,0,1,1
46.0,105864.0,130068.0,643.0,67.0,3.0,24.24,12.0,0.15,1,0,0,0,0,0,0,1,1,0,0,0,0,0,0,1
64.0,16949.0,75600.0,518.0,62.0,4.0,23.16,48.0,0.62,0,0,0,1,0,0,0,1,1,0,0,0,0,0,1,0
24.0,83760.0,65159.0,300.0,8.0,3.0,22.36,60.0,0.44,0,0,0,0,0,1,0,1,0,0,0,0,0,0,1,1
51.0,134173.0,84774.0,604.0,25.0,4.0,22.73,36.0,0.53,0,0,0,1,0,0,1,0,1,0,0,0,0,0,1,0
31.0,130091.0,222903.0,338.0,42.0,2.0,11.06,36.0,0.18,1,0,0,1,0,0,0,0,0,0,0,0,0,0,1,1
27.0,57448.0,110173.0,338.0,54.0,3.0,21.88,24.0,0.68,1,0,0,0,0,1,0,1,1,0,0,0,0,0,0,1
63.0,137106.0,25353.0,314.0,41.0,3.0,22.68,24.0,0.67,0,0,0,0,0,0,1,0,0,0,0,0,0,0,1,1
55.0,113182.0,42141.0,394.0,113.0,3.0,15.13,60.0,0.23,0,0,0,0,1,0,0,1,1,1,0,0,0,0,1,0
46.0,118064.0,99609.0,780.0,83.0,1.0,17.22,60.0,0.3,1,0,0,0,0,0,1,0,0,0,0,0,0,0,1,1
28.0,38146.0,139770.0,826.0,62.0,3.0,15.07,36.0,0.84,0,0,0,0,1,0,0,1,0,1,0,0,0,0,1,1
48.0,67284.0,242376.0,817.0,109.0,3.0,8.25,36.0,0.82,1,0,0,0,0,1,0,1,0,0,0,0,0,0,0,0
64.0,26805.0,193635.0,467.0,65.0,4.0,19.73,60.0,0.25,0,0,0,0,1,0,1,0,1,1,0,0,0,0,0,0
21.0,29814.0,174209.0,367.0,97.0,3.0,14.85,36.0,0.81,1,0,0,0,1,0,0,0,0,1,0,0,0,0,0,0
27.0,135166.0,154405.0,453.0,77.0,4.0,14.42,12.0,0.59,0,0,0,0,1,0,0,0,0,1,0,0,0,0,1,0
36.0,92770.0,182871.0,827.0,6.0,2.0,8.88,60.0,0.43,0,0,0,0,1,0,0,0,0,1,0,0,0,0,1,1
29.0,94593.0,113569.0,339.0,31.0,2.0,4.4,60.0,0.31,0,0,0,0,1,0,0,1,0,1,0,0,0,0,1,0
18.0,24783.0,69223.0,511.0,32.0,2.0,2.74,48.0,0.67,0,0,0,0,0,0,0,0,1,1,0,0,0,0,1,0
23.0,107915.0,66723.0,482.0,10.0,4.0,14.76,24.0,0.49,0,0,0,0,0,1,1,0,1,0,0,0,0,0,1,0
32.0,31078.0,95785.0,714.0,67.0,3.0,23.07,36.0,0.49,0,0,0,0,1,0,1,0,1,0,0,0,0,0,1,0
47.0,101092.0,170698.0,358.0,48.0,2.0,14.77,48.0,0.82,0,0,0,0,0,1,0,0,1,0,0,0,0,0,0,0
30.0,84687.0,222121.0,758.0,117.0,1.0,3.28,24.0,0.25,1,0,0,0,1,0,0,0,0,0,0,0,0,0,1,0
42.0,62286.0,25996.0,470.0,38.0,4.0,13.63,36.0,0.1,0,0,0,0,1,0,0,1,0,0,0,0,0,0,1,0
28.0,37203.0,53312.0,725.0,50.0,1.0,6.78,24.0,0.67,0,0,0,0,1,0,0,1,1,0,0,0,0,0,1,1
52.0,68939.0,128557.0,306.0,53.0,4.0,3.35,24.0,0.76,0,0,0,0,1,0,0,0,1,0,0,0,0,0,0,0
47.0,107939.0,6093.0,358.0,111.0,3.0,23.58,60.0,0.27,0,0,0,1,0,0,1,0,0,1,0,0,0,0,0,1
31.0,73071.0,85766.0,845.0,31.0,1.0,13.99,60.0,0.37,0,0,0,0,1,0,0,0,1,1,0,0,0,0,0,0
22.0,86120.0,33102.0,741.0,33.0,4.0,10.91,36.0,0.78,0,0,0,0,0,0,1,0,1,0,0,0,0,0,0,0
26.0,120053.0,149351.0,741.0,86.0,3.0,2.8,36.0,0.78,0,0,0,0,0,0,0,1,1,0,0,0,0,0,0,0
40.0,36971.0,237081.0,467.0,72.0,1.0,7.12,36.0,0.48,0,0,0,0,1,0,1,0,1,0,0,0,0,0,1,1
44.0,81315.0,181370.0,785.0,21.0,1.0,10.26,60.0,0.8,0,0,0,0,0,1,0,1,0,0,0,0,0,0,1,1
42.0,86038.0,113711.0,606.0,51.0,3.0,11.88,36.0,0.33,0,0,0,0,1,0,1,0,1,0,0,0,0,0,1,0
24.0,25413.0,106555.0,528.0,111.0,3.0,19.08,36.0,0.51,0,0,0,0,1,0,1,0,1,1,0,0,0,0,0,1
30.0,53565.0,218533.0,781.0,84.0,1.0,13.7,48.0,0.73,0,0,0,0,0,1,0,1,0,1,0,0,0,0,0,1
20.0,37912.0,173840.0,839.0,117.0,4.0,20.67,24.0,0.75,0,0,0,0,0,0,0,0,0,0,0,0,0,0,0,1
67.0,63483.0,211451.0,553.0,96.0,1.0,2.59,12.0,0.34,1,0,0,0,0,0,0,1,0,1,0,0,0,0,1,0
44.0,135429.0,132192.0,452.0,40.0,1.0,20.59,60.0,0.6,0,0,0,0,1,0,0,1,0,0,0,0,0,0,1,0
68.0,109988.0,83964.0,764.0,45.0,1.0,9.03,36.0,0.64,0,0,0,0,0,0,0,1,0,1,0,0,0,0,0,0
24.0,137302.0,169292.0,404.0,3.0,3.0,11.54,24.0,0.34,0,0,0,0,1,0,0,1,1,0,0,0,0,0,1,0
34.0,93492.0,66236.0,463.0,98.0,1.0,19.3,60.0,0.35,0,0,0,0,1,0,0,1,0,1,0,0,0,0,1,1
27.0,68357.0,169710.0,513.0,95.0,1.0,20.44,36.0,0.13,0,0,0,0,0,1,0,0,0,0,0,0,0,0,0,1
29.0,64042.0,134460.0,461.0,94.0,3.0,23.26,60.0,0.22,0,0,0,0,0,0,1,0,1,0,0,0,0,0,0,1
30.0,149899.0,35017.0,632.0,5.0,1.0,14.92,24.0,0.86,1,0,0,0,0,1,0,1,1,0,0,0,0,0,0,1
36.0,96585.0,136825.0,371.0,67.0,1.0,4.33,60.0,0.5,1,0,0,1,0,0,0,1,1,0,0,0,0,0,1,0
52.0,28756.0,203830.0,665.0,35.0,4.0,8.85,24.0,0.41,1,0,0,1,0,0,0,0,1,1,0,0,0,0,0,1
38.0,96994.0,142819.0,840.0,32.0,1.0,13.78,48.0,0.67,0,0,0,0,0,1,0,1,1,0,0,0,0,0,1,0
69.0,113640.0,107726.0,849.0,45.0,2.0,13.53,48.0,0.17,1,0,0,0,0,0,1,0,1,1,0,0,0,0,1,0
59.0,106084.0,192273.0,744.0,91.0,1.0,13.74,48.0,0.56,0,0,0,0,0,1,1,0,0,1,0,0,0,0,0,0
44.0,25886.0,178379.0,488.0,68.0,3.0,14.46,60.0,0.6,0,0,0,0,0,0,0,1,1,0,0,0,0,0,1,1
67.0,79095.0,217482.0,643.0,45.0,3.0,4.77,48.0,0.71,0,0,0,0,0,1,1,0,0,0,0,0,0,0,0,0
20.0,140488.0,127333.0,483.0,108.0,4.0,16.91,36.0,0.28,0,0,0,0,1,0,0,0,0,0,0,0,0,0,0,1
22.0,98211.0,186638.0,833.0,45.0,4.0,13.11,36.0,0.87,0,0,0,0,1,0,0,1,1,1,0,0,0,0,0,1
22.0,105867.0,198212.0,674.0,9.0,3.0,18.59,48.0,0.33,0,0,0,1,0,0,1,0,1,0,0,0,0,0,1,0
36.0,21628.0,236989.0,342.0,39.0,2.0,22.92,48.0,0.43,0,0,0,0,0,1,1,0,1,0,0,0,0,0,0,1
27.0,76181.0,174554.0,500.0,15.0,2.0,12.54,48.0,0.86,0,0,0,0,1,0,0,1,0,0,0,0,0,0,1,1
54.0,131884.0,140027.0,554.0,57.0,1.0,5.51,24.0,0.47,1,0,0,0,1,0,0,0,1,1,0,0,0,0,0,0
18.0,135662.0,38651.0,428.0,44.0,3.0,10.61,48.0,0.15,0,0,0,0,0,0,0,0,0,0,0,0,0,0,1,0
26.0,50052.0,37091.0,725.0,71.0,4.0,2.09,24.0,0.58,0,0,0,0,0,1,0,0,1,1,0,0,0,0,0,0
65.0,27899.0,65918.0,688.0,45.0,3.0,8.03,48.0,0.7,1,0,0,0,0,0,0,0,0,0,0,0,0,0,0,0
19.0,134466.0,239747.0,766.0,11.0,3.0,3.08,12.0,0.42,1,0,0,0,0,1,0,0,1,0,0,0,0,0,1,0
61.0,109418.0,12796.0,522.0,15.0,4.0,11.65,24.0,0.13,0,0,0,1,0,0,1,0,1,0,0,0,0,0,1,1
37.0,62126.0,143959.0,441.0,53.0,1.0,21.8,48.0,0.82,1,0,0,1,0,0,0,1,1,1,0,0,0,0,0,0
34.0,138580.0,90799.0,734.0,29.0,2.0,10.05,24.0,0.16,1,0,0,1,0,0,1,0,1,1,0,0,0,0,1,1
50.0,19105.0,120893.0,779.0,62.0,4.0,8.34,12.0,0.62,1,0,0,1,0,0,0,1,1,0,0,0,0,0,1,1
30.0,124096.0,22099.0,465.0,29.0,1.0,20.01,48.0,0.23,0,0,0,0,0,0,0,0,0,1,0,0,0,0,0,1
52.0,53375.0,8397.0,436.0,64.0,3.0,3.3,12.0,0.61,1,0,0,1,0,0,0,1,0,1,0,0,0,0,0,0
27.0,103521.0,31253.0,753.0,12.0,4.0,23.37,36.0,0.42,0,0,0,1,0,0,0,0,1,1,0,0,0,0,1,0
49.0,24746.0,44815.0,631.0,110.0,1.0,10.2,24.0,0.22,0,0,0,0,1,0,1,0,1,0,0,0,0,0,0,0
69.0,62463.0,207954.0,580.0,99.0,3.0,23.75,60.0,0.27,0,0,0,0,0,1,0,1,1,1,0,0,0,0,0,0
69.0,44776.0,209973.0,312.0,104.0,1.0,2.3,36.0,0.6,0,0,0,0,0,0,1,0,0,1,0,0,0,0,1,0
29.0,135141.0,163844.0,307.0,2.0,3.0,3.93,24.0,0.22,0,0,0,0,0,1,0,0,0,1,0,0,0,0,0,1
18.0,147871.0,129951.0,757.0,61.0,1.0,24.58,36.0,0.81,0,0,0,0,0,0,0,1,0,0,0,0,0,0,0,1
26.0,49045.0,152440.0,519.0,69.0,4.0,14.88,60.0,0.74,0,0,0,1,0,0,0,0,1,1,0,0,0,0,0,1
34.0,43089.0,227499.0,677.0,54.0,2.0,24.95,48.0,0.74,0,0,0,1,0,0,0,1,0,1,0,0,0,0,1,0
25.0,17762.0,162666.0,303.0,91.0,3.0,4.0,36.0,0.78,0,0,0,0,0,0,1,0,1,1,0,0,0,0,1,0
35.0,104131.0,186935.0,731.0,52.0,3.0,19.04,48.0,0.29,1,0,0,0,0,1,0,0,1,0,0,0,0,0,0,0
61.0,93208.0,199908.0,375.0,37.0,3.0,3.95,60.0,0.63,0,0,0,0,0,0,1,0,0,1,0,0,0,0,1,0
59.0,47208.0,156042.0,823.0,27.0,4.0,24.43,12.0,0.84,0,0,0,0,1,0,0,1,1,1,0,0,0,0,0,1
20.0,60999.0,93203.0,471.0,72.0,2.0,24.46,24.0,0.69,0,0,0,1,0,0,0,0,0,0,0,0,0,0,1,1
20.0,37084.0,145126.0,576.0,71.0,1.0,13.42,48.0,0.15,0,0,0,0,1,0,0,0,0,0,0,0,0,0,1,1
33.0,136126.0,202594.0,594.0,45.0,4.0,19.49,36.0,0.79,0,0,0,0,1,0,0,0,1,0,0,0,0,0,1,1
21.0,41663.0,201563.0,560.0,71.0,3.0,24.57,36.0,0.29,0,0,0,0,0,1,0,0,0,1,0,0,0,0,0,1
58.0,46442.0,37778.0,683.0,115.0,3.0,12.34,24.0,0.59,0,0,0,1,0,0,1,0,1,1,0,0,0,0,1,0
21.0,122079.0,164065.0,692.0,65.0,4.0,7.67,60.0,0.82,0,0,0,0,0,0,0,1,0,1,0,0,0,0,0,0
34.0,16465.0,227735.0,361.0,82.0,2.0,12.78,60.0,0.39,0,0,0,0,0,1,0,1,0,1,0,0,0,0,1,1
40.0,138226.0,188429.0,368.0,38.0,2.0,2.0,36.0,0.86,0,0,0,1,0,0,0,1,1,1,0,0,0,0,1,0
19.0,100733.0,100622.0,308.0,67.0,1.0,20.94,12.0,0.51,0,0,0,0,1,0,0,0,1,0,0,0,0,0,1,1
58.0,113563.0,242166.0,790.0,97.0,4.0,16.03,24.0,0.38,0,0,0,0,0,1,0,0,1,0,0,0,0,0,0,0
55.0,17958.0,114476.0,346.0,0.0,1.0,21.8,60.0,0.78,0,0,0,0,0,0,0,0,1,1,0,0,0,0,1,1
42.0,146306.0,146355.0,590.0,8.0,4.0,10.64,48.0,0.81,0,0,0,0,0,0,1,0,1,1,0,0,0,0,1,1
69.0,15098.0,171332.0,367.0,10.0,1.0,21.42,24.0,0.69,0,0,0,0,0,1,0,1,0,1,0,0,0,0,1,1
21.0,67193.0,229929.0,685.0,67.0,4.0,11.85,24.0,0.61,1,0,0,0,1,0,1,0,0,1,0,0,0,0,1,1
32.0,119766.0,222791.0,570.0,97.0,4.0,16.52,12.0,0.34,0,0,0,0,1,0,0,0,0,0,0,0,0,0,0,1
26.0,117137.0,210118.0,526.0,91.0,2.0,23.04,48.0,0.49,0,0,0,0,1,0,0,1,1,0,0,0,0,0,1,1
67.0,34257.0,28450.0,586.0,94.0,1.0,15.42,36.0,0.4,0,0,0,0,1,0,0,1,1,0,0,0,0,0,0,1
21.0,125674.0,164199.0,304.0,107.0,2.0,20.67,12.0,0.67,0,0,0,0,0,1,0,0,1,0,0,0,0,0,0,1
27.0,104815.0,6887.0,321.0,42.0,3.0,11.4,12.0,0.67,0,0,0,0,0,1,1,0,0,1,0,0,0,0,0,1
63.0,108087.0,168068.0,779.0,116.0,2.0,15.82,60.0,0.86,1,0,0,0,0,1,0,1,1,1,0,0,0,0,0,0
59.0,100357.0,47998.0,413.0,49.0,4.0,23.62,48.0,0.76,0,0,0,0,1,0,0,0,1,1,0,0,0,0,1,0
25.0,116069.0,26983.0,356.0,112.0,2.0,23.96,12.0,0.16,0,0,0,0,0,1,1,0,1,0,0,0,0,0,0,0
27.0,94981.0,225758.0,809.0,99.0,2.0,15.36,12.0,0.16,1,0,0,1,0,0,0,1,0,0,0,0,0,0,0,0
38.0,100120.0,46166.0,699.0,16.0,4.0,19.63,12.0,0.59,1,0,0,0,0,0,1,0,1,0,0,0,0,0,0,0
58.0,115389.0,207892.0,448.0,4.0,3.0,21.16,36.0,0.33,0,0,0,0,0,0,1,0,0,1,0,0,0,0,1,1
59.0,105536.0,202284.0,612.0,112.0,4.0,12.48,24.0,0.75,0,0,0,0,0,0,0,0,0,1,0,0,0,0,0,0
51.0,99936.0,188781.0,734.0,91.0,3.0,14.46,36.0,0.33,0,0,0,1,0,0,0,0,0,0,0,0,0,0,1,1
48.0,21198.0,177837.0,785.0,9.0,1.0,3.65,60.0,0.32,0,0,0,0,0,1,0,0,0,0,0,0,0,0,0,0
39.0,91594.0,5660.0,409.0,66.0,4.0,16.19,24.0,0.48,0,0,0,1,0,0,0,0,1,0,0,0,0,0,1,0
40.0,123814.0,144902.0,309.0,87.0,2.0,10.77,24.0,0.52,1,0,0,0,1,0,1,0,1,1,0,0,0,0,0,0
44.0,136825.0,168220.0,712.0,115.0,1.0,14.27,12.0,0.11,1,0,0,0,1,0,0,1,1,0,0,0,0,0,0,0
46.0,94002.0,246707.0,384.0,12.0,3.0,22.19,60.0,0.39,0,0,0,1,0,0,0,0,0,0,0,0,0,0,1,1
51.0,63150.0,122565.0,782.0,1.0,4.0,7.07,48.0,0.41,0,0,0,1,0,0,0,0,0,0,0,0,0,0,0,0
57.0,127366.0,39037.0,567.0,102.0,2.0,19.64,24.0,0.13,1,0,0,0,1,0,1,0,1,1,0,0,0,0,1,0
63.0,81139.0,18340.0,528.0,105.0,1.0,2.71,60.0,0.44,1,0,0,0,0,0,1,0,1,0,0,0,0,0,0,0
52.0,115303.0,223594.0,461.0,10.0,3.0,18.12,24.0,0.43,1,0,0,0,0,1,0,0,1,0,0,0,0,0,0,0
18.0,44583.0,46659.0,698.0,102.0,4.0,9.77,24.0,0.61,0,0,0,1,0,0,1,0,1,0,0,0,0,0,0,0
36.0,115996.0,145144.0,794.0,15.0,3.0,12.55,48.0,0.67,1,0,0,0,1,0,0,1,1,0,0,0,0,0,0,0
52.0,69947.0,212941.0,393.0,48.0,2.0,24.27,12.0,0.42,0,0,0,0,0,0,0,1,1,1,0,0,0,0,1,0
59.0,85584.0,41535.0,599.0,39.0,2.0,18.86,60.0,0.17,0,0,0,0,0,0,1,0,1,1,0,0,0,0,0,0
22.0,52526.0,46649.0,423.0,53.0,2.0,11.89,36.0,0.65,0,0,0,0,0,1,0,1,0,0,0,0,0,0,0,1
23.0,123743.0,65101.0,545.0,52.0,3.0,6.88,60.0,0.47,0,0,0,1,0,0,1,0,1,1,0,0,0,0,0,0
25.0,27067.0,151707.0,765.0,71.0,3.0,9.71,24.0,0.69,0,0,0,0,0,0,0,1,0,0,0,0,0,0,0,0
31.0,32737.0,242887.0,535.0,53.0,3.0,12.33,36.0,0.82,1,0,0,0,0,1,1,0,0,0,0,0,0,0,0,1
22.0,50772.0,81631.0,831.0,109.0,4.0,22.59,24.0,0.14,0,0,0,0,1,0,1,0,1,1,0,0,0,0,1,0
36.0,45240.0,220919.0,786.0,102.0,1.0,18.6,36.0,0.72,0,0,0,0,0,1,0,1,1,0,0,0,0,0,0,1
50.0,27968.0,176531.0,820.0,90.0,1.0,12.78,36.0,0.22,1,0,0,0,0,1,1,0,0,0,0,0,0,0,1,1
46.0,104461.0,66332.0,610.0,78.0,4.0,23.67,60.0,0.6,0,0,0,1,0,0,0,1,1,1,0,0,0,0,0,1
59.0,104152.0,80651.0,510.0,49.0,3.0,13.98,36.0,0.62,1,0,0,0,0,0,0,1,0,1,0,0,0,0,1,0
29.0,77884.0,161683.0,445.0,108.0,1.0,24.25,48.0,0.87,0,0,0,0,1,0,0,1,1,1,0,0,0,0,1,1
60.0,134662.0,142743.0,382.0,118.0,3.0,3.23,12.0,0.81,1,0,0,0,1,0,1,0,1,1,0,0,0,0,1,0
62.0,148961.0,102234.0,765.0,61.0,4.0,21.33,24.0,0.64,1,0,0,0,1,0,0,0,0,1,0,0,0,0,0,0
54.0,98648.0,100378.0,414.0,39.0,1.0,19.25,24.0,0.22,0,0,0,0,0,0,0,0,1,0,0,0,0,0,0,0
47.0,19378.0,146336.0,420.0,68.0,2.0,12.76,24.0,0.58,1,0,0,1,0,0,0,0,0,0,0,0,0,0,1,1
47.0,26262.0,23374.0,814.0,23.0,4.0,2.22,12.0,0.49,1,0,0,0,1,0,0,0,0,1,0,0,0,0,1,0
49.0,131656.0,183896.0,785.0,18.0,3.0,19.05,24.0,0.16,0,0,0,1,0,0,0,0,0,1,0,0,0,0,0,0
50.0,17793.0,87735.0,487.0,44.0,3.0,2.71,48.0,0.8,0,0,0,0,0,1,0,1,1,1,0,0,0,0,0,1
24.0,97068.0,243832.0,342.0,85.0,3.0,24.2,12.0,0.34,0,0,0,0,0,0,0,0,0,0,0,0,0,0,1,0
20.0,118957.0,147663.0,784.0,57.0,2.0,9.44,36.0,0.33,0,0,0,1,0,0,0,1,0,1,0,0,0,0,1,0
20.0,133615.0,171584.0,792.0,103.0,2.0,19.94,36.0,0.4,0,0,0,0,1,0,0,0,0,0,0,0,0,0,0,1
20.0,15826.0,191800.0,339.0,75.0,3.0,9.38,12.0,0.25,0,0,0,0,0,0,0,0,0,1,0,0,0,0,1,0
32.0,27509.0,145158.0,353.0,27.0,2.0,13.65,36.0,0.78,0,0,0,1,0,0,1,0,0,1,0,0,0,0,0,1
63.0,131531.0,189531.0,794.0,84.0,3.0,21.07,48.0,0.43,0,0,0,0,1,0,1,0,1,0,0,0,0,0,0,0
46.0,149904.0,15472.0,835.0,42.0,4.0,20.09,48.0,0.21,0,0,0,1,0,0,0,1,0,0,0,0,0,0,1,0
24.0,58460.0,29137.0,784.0,103.0,4.0,16.28,60.0,0.89,1,0,0,0,0,1,0,1,1,1,0,0,0,0,1,1
25.0,24742.0,219541.0,719.0,73.0,3.0,15.21,12.0,0.6,0,0,0,0,1,0,0,0,0,0,0,0,0,0,0,1
61.0,141952.0,231126.0,478.0,58.0,4.0,9.96,24.0,0.66,1,0,0,0,1,0,0,0,0,1,0,0,0,0,1,0
68.0,35417.0,107786.0,764.0,10.0,1.0,20.19,12.0,0.19,0,0,0,1,0,0,0,0,1,0,0,0,0,0,0,0
47.0,60480.0,43674.0,473.0,47.0,2.0,9.78,24.0,0.39,0,0,0,0,0,1,0,0,1,1,0,0,0,0,1,0
43.0,82484.0,200209.0,387.0,49.0,2.0,19.92,12.0,0.77,1,0,0,0,1,0,0,0,1,0,0,0,0,0,1,1
43.0,21588.0,221999.0,639.0,91.0,3.0,12.91,60.0,0.66,0,0,0,0,1,0,1,0,1,1,0,0,0,0,0,1
18.0,144423.0,174446.0,632.0,113.0,3.0,8.57,36.0,0.78,0,0,0,1,0,0,0,1,0,0,0,0,0,0,0,1
57.0,19060.0,208243.0,428.0,98.0,1.0,22.87,60.0,0.85,0,0,0,0,1,0,0,1,1,0,0,0,0,0,1,1
54.0,145797.0,151423.0,442.0,24.0,2.0,7.2,36.0,0.16,0,0,0,1,0,0,1,0,0,1,0,0,0,0,0,0
67.0,57865.0,73175.0,770.0,104.0,3.0,7.96,24.0,0.27,0,0,0,1,0,0,0,0,0,1,0,0,0,0,1,0
52.0,89211.0,243593.0,408.0,114.0,4.0,9.89,12.0,0.5,0,0,0,0,0,1,0,1,1,1,0,0,0,0,1,1
29.0,84178.0,205705.0,583.0,56.0,1.0,4.22,24.0,0.54,0,0,0,1,0,0,1,0,1,1,0,0,0,0,1,1
64.0,48165.0,8149.0,397.0,98.0,1.0,22.06,24.0,0.82,0,0,0,1,0,0,0,0,0,0,0,0,0,0,1,0
63.0,126454.0,225977.0,371.0,57.0,2.0,5.48,36.0,0.19,0,0,0,0,1,0,1,0,1,0,0,0,0,0,1,0
20.0,110193.0,60781.0,549.0,105.0,2.0,8.94,60.0,0.58,0,0,0,0,0,0,0,0,1,1,0,0,0,0,1,0
53.0,34122.0,71956.0,642.0,26.0,1.0,10.93,48.0,0.26,0,0,0,0,0,1,0,0,0,0,0,0,0,0,0,0
52.0,137048.0,112315.0,720.0,96.0,4.0,20.04,60.0,0.35,0,0,0,0,0,1,1,0,0,1,0,0,0,0,1,0
41.0,89628.0,110332.0,676.0,116.0,1.0,20.8,12.0,0.49,0,0,0,0,1,0,1,0,1,0,0,0,0,0,0,0
22.0,53962.0,129730.0,424.0,43.0,1.0,19.55,36.0,0.16,0,0,0,0,0,1,0,0,1,1,0,0,0,0,0,0
49.0,85847.0,112503.0,374.0,48.0,1.0,21.81,48.0,0.59,0,0,0,0,1,0,1,0,0,1,0,0,0,0,1,0
22.0,115232.0,168755.0,608.0,105.0,1.0,19.77,24.0,0.56,0,0,0,1,0,0,1,0,1,0,0,0,0,0,1,0
53.0,16154.0,120572.0,624.0,73.0,4.0,4.01,60.0,0.36,0,0,0,0,0,1,1,0,1,0,0,0,0,0,0,0
67.0,89829.0,111545.0,737.0,79.0,2.0,10.05,12.0,0.7,1,0,0,0,0,1,0,0,0,0,0,0,0,0,0,0
39.0,84216.0,194842.0,787.0,49.0,4.0,22.75,48.0,0.12,0,0,0,0,0,1,0,1,0,1,0,0,0,0,1,0
63.0,41999.0,75393.0,333.0,83.0,1.0,15.88,12.0,0.56,0,0,0,0,0,1,0,0,0,0,0,0,0,0,1,0
52.0,55831.0,238512.0,722.0,33.0,3.0,11.96,36.0,0.55,1,0,0,0,0,1,0,0,1,1,0,0,0,0,0,0
33.0,32207.0,59945.0,411.0,21.0,3.0,23.09,48.0,0.29,0,0,0,1,0,0,0,0,1,0,0,0,0,0,0,1
61.0,64699.0,230119.0,401.0,16.0,2.0,12.35,60.0,0.34,0,0,0,1,0,0,1,0,1,0,0,0,0,0,0,1
62.0,102372.0,172342.0,738.0,23.0,4.0,10.76,36.0,0.77,0,0,0,0,0,0,0,1,1,1,0,0,0,0,1,0
59.0,19423.0,89676.0,827.0,4.0,4.0,6.38,60.0,0.76,1,0,0,0,0,0,0,0,1,0,0,0,0,0,1,1
61.0,105814.0,33400.0,679.0,8.0,3.0,21.75,36.0,0.35,0,0,0,0,1,0,0,0,1,1,0,0,0,0,0,0
67.0,36564.0,206984.0,759.0,42.0,1.0,6.92,60.0,0.42,0,0,0,1,0,0,1,0,0,0,0,0,0,0,1,1
45.0,114061.0,105174.0,690.0,107.0,3.0,22.97,12.0,0.74,0,0,0,0,0,1,0,0,1,0,0,0,0,0,1,0
22.0,109158.0,240087.0,423.0,33.0,2.0,9.94,48.0,0.66,0,0,0,0,1,0,1,0,1,1,0,0,0,0,0,1
69.0,107498.0,41022.0,699.0,80.0,2.0,12.98,12.0,0.82,0,0,0,0,0,0,1,0,1,1,0,0,0,0,0,0
62.0,93644.0,246991.0,644.0,43.0,1.0,7.3,12.0,0.21,0,0,0,0,0,0,1,0,0,0,0,0,0,0,0,0
64.0,119081.0,225654.0,752.0,80.0,1.0,19.12,60.0,0.17,0,0,0,1,0,0,1,0,0,0,0,0,0,0,1,0
29.0,47343.0,148648.0,465.0,6.0,4.0,9.47,36.0,0.73,1,0,0,1,0,0,0,1,0,0,0,0,0,0,0,0
49.0,86860.0,100819.0,347.0,40.0,1.0,3.91,12.0,0.8,0,0,0,0,0,1,0,1,1,0,0,0,0,0,1,0
26.0,61249.0,33971.0,849.0,12.0,3.0,2.65,12.0,0.4,1,0,0,0,0,1,1,0,0,1,0,0,0,0,1,0
69.0,15098.0,218451.0,517.0,29.0,2.0,19.48,60.0,0.44,0,0,0,0,0,0,0,0,1,1,0,0,0,0,1,1
19.0,132938.0,147583.0,345.0,104.0,3.0,10.88,12.0,0.61,0,0,0,0,1,0,0,0,1,1,0,0,0,0,1,0
45.0,88437.0,229395.0,812.0,10.0,4.0,7.61,24.0,0.17,0,0,0,0,0,1,0,0,1,1,0,0,0,0,0,1
67.0,139016.0,158263.0,811.0,86.0,3.0,20.77,24.0,0.88,1,0,0,0,1,0,0,1,0,0,0,0,0,0,0,0
22.0,20925.0,145699.0,790.0,76.0,2.0,6.99,24.0,0.81,1,0,0,0,1,0,0,1,0,1,0,0,0,0,0,0
27.0,149976.0,245789.0,404.0,81.0,2.0,11.5,60.0,0.14,0,0,0,0,0,1,1,0,1,1,0,0,0,0,0,0
37.0,15835.0,201984.0,533.0,115.0,4.0,10.27,24.0,0.2,0,0,0,1,0,0,0,0,1,0,0,0,0,0,0,1
40.0,144684.0,75193.0,560.0,52.0,3.0,5.37,60.0,0.59,0,0,0,0,1,0,0,1,1,0,0,0,0,0,0,0
19.0,122485.0,58604.0,789.0,10.0,3.0,19.12,36.0,0.41,0,0,0,0,0,0,0,1,0,0,0,0,0,0,0,0
48.0,16139.0,235933.0,430.0,22.0,1.0,12.52,60.0,0.78,0,0,0,0,0,1,0,1,0,1,0,0,0,0,1,1
29.0,16278.0,103686.0,377.0,24.0,2.0,20.84,12.0,0.17,0,0,0,1,0,0,1,0,0,0,0,0,0,0,0,1
54.0,107380.0,22386.0,362.0,8.0,2.0,19.06,48.0,0.55,1,0,0,0,0,0,0,1,1,1,0,0,0,0,0,0
56.0,77234.0,200632.0,641.0,20.0,4.0,8.82,12.0,0.77,1,0,0,0,1,0,1,0,0,0,0,0,0,0,0,1
64.0,130941.0,148442.0,709.0,100.0,3.0,8.03,60.0,0.36,1,0,0,0,1,0,0,1,0,1,0,0,0,0,1,0
62.0,142291.0,78105.0,691.0,67.0,1.0,6.42,24.0,0.59,0,0,0,0,0,0,1,0,0,1,0,0,0,0,1,0
19.0,108868.0,135819.0,533.0,83.0,2.0,15.36,36.0,0.16,1,0,0,0,0,1,0,0,0,1,0,0,0,0,0,1
45.0,79162.0,127929.0,308.0,29.0,1.0,24.72,60.0,0.31,0,0,0,0,0,0,1,0,0,0,0,0,0,0,0,1
67.0,42484.0,60901.0,379.0,54.0,4.0,6.84,12.0,0.79,0,0,0,0,0,0,1,0,0,1,0,0,0,0,0,0
30.0,128354.0,165393.0,569.0,35.0,3.0,24.95,60.0,0.11,1,0,0,0,0,0,0,0,1,0,0,0,0,0,1,0
32.0,80394.0,41963.0,369.0,48.0,2.0,23.0,48.0,0.73,0,0,0,1,0,0,1,0,1,0,0,0,0,0,1,0
40.0,30882.0,148015.0,542.0,82.0,4.0,10.93,12.0,0.65,0,0,0,0,0,0,1,0,0,1,0,0,0,0,1,0
39.0,41027.0,223147.0,657.0,73.0,1.0,17.74,36.0,0.64,1,0,0,0,0,0,0,0,1,1,0,0,0,0,1,0
56.0,121422.0,147785.0,310.0,115.0,3.0,17.72,60.0,0.73,0,0,0,0,0,1,0,1,1,0,0,0,0,0,1,0
42.0,109730.0,79827.0,476.0,29.0,2.0,22.07,12.0,0.67,1,0,0,0,1,0,1,0,1,1,0,0,0,0,0,0
20.0,37062.0,89513.0,544.0,28.0,3.0,21.33,60.0,0.14,1,0,0,1,0,0,1,0,1,1,0,0,0,0,1,0
27.0,88490.0,20029.0,633.0,38.0,3.0,23.97,12.0,0.59,0,0,0,1,0,0,0,1,0,0,0,0,0,0,1,1
27.0,34841.0,106551.0,592.0,68.0,4.0,9.82,24.0,0.55,0,0,0,0,0,0,0,1,1,1,0,0,0,0,1,0
40.0,121973.0,86006.0,301.0,105.0,3.0,6.29,36.0,0.31,0,0,0,1,0,0,0,0,0,1,0,0,0,0,0,0
51.0,123070.0,68441.0,380.0,54.0,3.0,3.98,12.0,0.11,0,0,0,0,0,0,0,1,1,0,0,0,0,0,0,0
54.0,19280.0,198333.0,633.0,113.0,3.0,22.21,12.0,0.52,0,0,0,0,0,1,0,0,0,0,0,0,0,0,1,1
61.0,79006.0,69781.0,380.0,5.0,4.0,11.11,24.0,0.14,0,0,0,0,1,0,0,1,1,1,0,0,0,0,0,0
34.0,109299.0,206981.0,651.0,2.0,3.0,7.47,12.0,0.11,1,0,0,0,1,0,0,1,0,0,0,0,0,0,0,1
29.0,58020.0,83413.0,486.0,78.0,1.0,8.65,24.0,0.69,0,0,0,1,0,0,1,0,0,1,0,0,0,0,0,1
28.0,140964.0,111394.0,746.0,104.0,1.0,19.31,60.0,0.75,1,0,0,0,1,0,0,0,1,0,0,0,0,0,1,0
20.0,62746.0,209266.0,394.0,96.0,1.0,8.11,36.0,0.81,0,0,0,0,0,1,1,0,0,1,0,0,0,0,0,0
34.0,84629.0,106872.0,640.0,11.0,4.0,22.71,12.0,0.37,0,0,0,0,0,1,1,0,0,1,0,0,0,0,1,1
58.0,118191.0,97710.0,434.0,2.0,1.0,20.22,60.0,0.11,1,0,0,0,1,0,0,1,1,0,0,0,0,0,0,1
62.0,77896.0,16859.0,773.0,49.0,2.0,22.16,48.0,0.39,1,0,0,1,0,0,0,0,1,1,0,0,0,0,1,1
69.0,57070.0,187380.0,491.0,73.0,2.0,10.43,36.0,0.76,0,0,0,0,0,1,0,1,0,1,0,0,0,0,1,0
42.0,85871.0,238972.0,650.0,36.0,3.0,24.28,24.0,0.42,1,0,0,0,0,0,1,0,0,0,0,0,0,0,1,1
46.0,92877.0,230089.0,426.0,27.0,4.0,21.42,60.0,0.4,0,0,0,1,0,0,0,0,0,0,0,0,0,0,0,1
64.0,119405.0,221124.0,577.0,56.0,4.0,19.81,48.0,0.21,0,0,0,0,0,1,0,0,0,1,0,0,0,0,0,0
50.0,61627.0,49758.0,651.0,55.0,4.0,7.66,12.0,0.57,1,0,0,0,0,0,0,1,0,0,0,0,0,0,0,1
48.0,120300.0,49289.0,654.0,14.0,1.0,10.72,24.0,0.77,0,0,0,0,0,1,0,1,1,0,0,0,0,0,0,1
62.0,34018.0,166427.0,474.0,48.0,2.0,23.87,12.0,0.36,0,0,0,1,0,0,0,1,1,1,0,0,0,0,0,1
56.0,120259.0,60182.0,602.0,60.0,4.0,9.77,12.0,0.81,0,0,0,0,0,0,0,0,0,0,0,0,0,0,1,0
26.0,92320.0,55080.0,385.0,34.0,1.0,5.85,36.0,0.75,0,0,0,1,0,0,0,0,0,0,0,0,0,0,1,1
69.0,60000.0,30908.0,391.0,86.0,1.0,8.14,60.0,0.61,0,0,0,1,0,0,0,1,1,1,0,0,0,0,0,0
34.0,103868.0,179327.0,581.0,89.0,2.0,8.37,36.0,0.72,1,0,0,1,0,0,0,1,1,1,0,0,0,0,0,1
27.0,41614.0,82246.0,517.0,64.0,3.0,18.18,48.0,0.27,0,0,0,0,0,0,1,0,0,0,0,0,0,0,1,1
36.0,71906.0,60188.0,516.0,46.0,1.0,13.68,36.0,0.79,1,0,0,0,0,0,1,0,1,0,0,0,0,0,0,1
61.0,83974.0,118911.0,800.0,57.0,4.0,4.06,60.0,0.1,1,0,0,1,0,0,1,0,1,1,0,0,0,0,1,1
53.0,40789.0,52188.0,767.0,25.0,4.0,16.85,36.0,0.51,0,0,0,0,0,1,1,0,0,0,0,0,0,0,0,0
38.0,57266.0,61974.0,761.0,27.0,4.0,10.78,36.0,0.17,0,0,0,0,1,0,1,0,0,0,0,0,0,0,0,1
39.0,64338.0,212236.0,336.0,36.0,2.0,7.81,12.0,0.12,0,0,0,0,0,0,0,1,0,1,0,0,0,0,1,0
44.0,109871.0,161253.0,589.0,40.0,3.0,10.93,60.0,0.61,1,0,0,1,0,0,1,0,1,0,0,0,0,0,1,0
57.0,146307.0,99975.0,424.0,109.0,4.0,22.59,48.0,0.36,0,0,0,0,0,1,0,0,0,1,0,0,0,0,1,0
31.0,90704.0,154879.0,650.0,18.0,2.0,10.01,60.0,0.21,0,0,0,0,1,0,1,0,1,1,0,0,0,0,1,0
25.0,148630.0,214118.0,808.0,90.0,2.0,4.68,12.0,0.66,1,0,0,0,0,1,0,1,0,0,0,0,0,0,0,1
41.0,72374.0,93135.0,315.0,111.0,2.0,5.79,48.0,0.7,0,0,0,0,0,1,0,1,0,0,0,0,0,0,0,0
20.0,90621.0,81324.0,450.0,13.0,2.0,13.97,36.0,0.67,1,0,0,0,0,1,0,0,1,1,0,0,0,0,1,1
58.0,19304.0,176102.0,662.0,10.0,3.0,4.89,36.0,0.71,0,0,0,1,0,0,0,0,0,1,0,0,0,0,1,1
21.0,130858.0,206854.0,433.0,112.0,4.0,8.63,60.0,0.19,1,0,0,0,0,1,0,0,1,1,0,0,0,0,0,1
27.0,24641.0,196916.0,826.0,63.0,4.0,4.9,36.0,0.12,1,0,0,0,0,1,0,0,1,0,0,0,0,0,0,1
29.0,123691.0,210261.0,358.0,49.0,1.0,19.46,24.0,0.73,0,0,0,0,1,0,0,1,1,1,0,0,0,0,0,1
36.0,104211.0,99601.0,826.0,1.0,3.0,13.14,12.0,0.44,0,0,0,1,0,0,0,1,0,1,0,0,0,0,1,1
48.0,82623.0,217503.0,482.0,58.0,2.0,24.88,24.0,0.5,1,0,0,0,1,0,0,0,1,0,0,0,0,0,1,0
49.0,149195.0,138259.0,453.0,31.0,1.0,23.64,24.0,0.9,0,0,0,1,0,0,1,0,1,1,0,0,0,0,1,1
33.0,78078.0,215900.0,690.0,107.0,1.0,12.89,12.0,0.86,0,0,0,0,1,0,0,0,1,0,0,0,0,0,0,0
24.0,104192.0,215825.0,307.0,51.0,3.0,16.55,12.0,0.21,0,0,0,0,1,0,0,0,1,1,0,0,0,0,1,1
21.0,126945.0,102569.0,492.0,25.0,2.0,12.92,36.0,0.53,0,0,0,0,1,0,0,1,1,1,0,0,0,0,1,0
28.0,120197.0,233599.0,470.0,16.0,1.0,21.28,60.0,0.74,0,0,0,0,0,1,0,0,0,1,0,0,0,0,0,1
18.0,46322.0,115466.0,684.0,109.0,4.0,12.49,48.0,0.66,1,0,0,0,0,1,0,0,1,1,0,0,0,0,1,0
22.0,111765.0,46564.0,760.0,1.0,4.0,24.88,36.0,0.32,1,0,0,0,0,1,0,1,0,1,0,0,0,0,1,0
27.0,64792.0,26721.0,510.0,51.0,1.0,11.02,24.0,0.79,0,0,0,0,0,0,1,0,0,0,0,0,0,0,1,0
23.0,84888.0,132684.0,469.0,62.0,4.0,13.08,60.0,0.31,0,0,0,1,0,0,0,1,0,0,0,0,0,0,1,1
24.0,22989.0,93112.0,672.0,118.0,3.0,14.6,60.0,0.49,1,0,0,0,1,0,1,0,1,1,0,0,0,0,1,0
26.0,24341.0,120060.0,471.0,3.0,2.0,24.61,60.0,0.79,1,0,0,0,0,0,1,0,0,1,0,0,0,0,0,1
18.0,47319.0,61102.0,331.0,66.0,2.0,9.86,60.0,0.3,0,0,0,1,0,0,0,1,1,0,0,0,0,0,0,0
41.0,87196.0,166506.0,466.0,62.0,3.0,16.47,60.0,0.36,1,0,0,0,0,0,0,1,1,0,0,0,0,0,1,1
20.0,62764.0,74983.0,588.0,47.0,3.0,18.35,24.0,0.74,0,0,0,0,0,0,1,0,0,0,0,0,0,0,1,1
34.0,102989.0,91760.0,406.0,23.0,1.0,5.32,24.0,0.63,0,0,0,0,1,0,0,1,0,1,0,0,0,0,1,0
44.0,133709.0,249580.0,593.0,24.0,3.0,14.75,12.0,0.31,1,0,0,0,0,0,0,0,1,0,0,0,0,0,1,0
64.0,47656.0,68096.0,798.0,81.0,3.0,8.3,60.0,0.31,0,0,0,0,0,0,0,0,0,1,0,0,0,0,0,0
45.0,46932.0,9277.0,703.0,9.0,2.0,14.62,36.0,0.53,0,0,0,0,0,0,0,0,1,0,0,0,0,0,0,1
54.0,64814.0,171952.0,737.0,80.0,3.0,23.35,12.0,0.82,1,0,0,1,0,0,0,0,0,0,0,0,0,0,0,1
21.0,73711.0,19203.0,764.0,51.0,1.0,23.41,12.0,0.67,0,0,0,0,0,0,0,1,0,1,0,0,0,0,1,1
60.0,49964.0,180924.0,636.0,95.0,2.0,2.85,12.0,0.67,0,0,0,0,0,1,0,0,0,0,0,0,0,0,0,0
27.0,40478.0,51503.0,835.0,112.0,4.0,6.93,48.0,0.54,1,0,0,1,0,0,0,0,0,0,0,0,0,0,1,0
19.0,110370.0,116281.0,325.0,9.0,1.0,23.28,12.0,0.5,0,0,0,1,0,0,0,0,1,0,0,0,0,0,0,1
49.0,135052.0,51579.0,447.0,97.0,1.0,5.58,24.0,0.59,0,0,0,0,0,1,0,0,0,0,0,0,0,0,1,0
56.0,102568.0,241645.0,530.0,88.0,1.0,22.49,48.0,0.83,0,0,0,0,1,0,0,1,0,1,0,0,0,0,0,1
49.0,38298.0,130275.0,453.0,70.0,4.0,15.66,12.0,0.44,1,0,0,0,1,0,0,1,1,0,0,0,0,0,1,0
41.0,66414.0,39883.0,431.0,59.0,1.0,22.62,36.0,0.37,0,0,0,0,1,0,1,0,1,0,0,0,0,0,0,0
30.0,126341.0,87438.0,581.0,76.0,4.0,15.56,12.0,0.64,0,0,0,1,0,0,0,1,0,0,0,0,0,0,1,1
19.0,45798.0,218704.0,715.0,118.0,4.0,10.08,12.0,0.23,1,0,0,1,0,0,1,0,0,1,0,0,0,0,1,0
36.0,91108.0,59539.0,341.0,25.0,1.0,12.26,60.0,0.6,0,0,0,0,1,0,1,0,1,0,0,0,0,0,1,1
31.0,32680.0,149142.0,377.0,63.0,2.0,8.97,12.0,0.22,0,0,0,0,0,1,0,0,1,0,0,0,0,0,1,1
39.0,139634.0,11888.0,552.0,20.0,2.0,13.86,48.0,0.77,1,0,0,0,0,0,1,0,0,0,0,0,0,0,1,0
31.0,90347.0,64500.0,559.0,102.0,2.0,7.27,12.0,0.8,0,0,0,0,0,0,1,0,1,1,0,0,0,0,0,0
57.0,106932.0,165556.0,366.0,42.0,2.0,20.63,48.0,0.28,0,0,0,0,0,1,0,0,0,0,0,0,0,0,1,0
36.0,71292.0,114038.0,607.0,25.0,1.0,24.87,36.0,0.86,0,0,0,0,0,1,0,1,0,0,0,0,0,0,1,1
28.0,17774.0,144866.0,322.0,43.0,2.0,15.69,12.0,0.35,0,0,0,0,0,0,0,0,0,0,0,0,0,0,1,1
44.0,109284.0,118674.0,534.0,100.0,2.0,19.63,12.0,0.47,0,0,0,1,0,0,1,0,1,1,0,0,0,0,1,1
19.0,25388.0,133177.0,665.0,33.0,4.0,8.64,24.0,0.64,0,0,0,1,0,0,0,0,0,1,0,0,0,0,1,0
33.0,58090.0,100791.0,835.0,91.0,2.0,6.37,60.0,0.58,0,0,0,0,0,0,0,0,0,1,0,0,0,0,0,0
19.0,61221.0,159134.0,699.0,26.0,3.0,9.54,36.0,0.61,0,0,0,1,0,0,0,1,1,1,0,0,0,0,1,1
19.0,127819.0,88104.0,714.0,44.0,2.0,20.24,36.0,0.47,0,0,0,0,0,1,0,1,0,1,0,0,0,0,0,1
46.0,88545.0,189537.0,497.0,76.0,1.0,20.5,48.0,0.52,0,0,0,0,1,0,0,0,0,0,0,0,0,0,0,1
19.0,79256.0,70287.0,395.0,26.0,4.0,3.01,60.0,0.45,0,0,0,0,0,1,0,1,1,0,0,0,0,0,1,1
30.0,23461.0,225384.0,803.0,48.0,2.0,18.0,60.0,0.36,0,0,0,0,1,0,0,0,1,1,0,0,0,0,0,1
27.0,145504.0,98626.0,659.0,72.0,3.0,23.82,36.0,0.68,0,0,0,0,0,1,0,1,1,1,0,0,0,0,1,0
44.0,46369.0,22573.0,587.0,93.0,3.0,8.83,24.0,0.31,1,0,0,1,0,0,1,0,0,0,0,0,0,0,1,0
42.0,92943.0,152390.0,443.0,116.0,4.0,21.02,48.0,0.64,1,0,0,0,1,0,1,0,0,1,0,0,0,0,1,1
21.0,83751.0,15584.0,754.0,14.0,2.0,11.57,24.0,0.87,1,0,0,1,0,0,0,0,1,0,0,0,0,0,0,0
58.0,116648.0,98500.0,673.0,15.0,3.0,22.08,24.0,0.35,0,0,0,0,0,0,1,0,0,1,0,0,0,0,0,1
18.0,107074.0,207257.0,695.0,32.0,4.0,23.46,60.0,0.25,0,0,0,0,0,0,0,1,0,1,0,0,0,0,0,1
33.0,90225.0,170946.0,501.0,59.0,1.0,11.35,60.0,0.85,0,0,0,0,0,0,0,1,1,0,0,0,0,0,1,1
39.0,41000.0,82886.0,798.0,47.0,2.0,14.72,24.0,0.49,0,0,0,0,0,0,0,1,1,0,0,0,0,0,0,0
30.0,56925.0,136615.0,646.0,61.0,3.0,17.83,48.0,0.57,0,0,0,1,0,0,1,0,0,0,0,0,0,0,1,1
18.0,35650.0,125981.0,403.0,29.0,3.0,18.39,12.0,0.45,0,0,0,0,0,1,1,0,1,1,0,0,0,0,1,1
29.0,48281.0,248715.0,694.0,3.0,2.0,16.34,60.0,0.61,1,0,0,0,1,0,0,1,0,0,0,0,0,0,1,1
64.0,20193.0,151785.0,627.0,59.0,3.0,7.67,24.0,0.55,0,0,0,0,0,1,0,0,1,0,0,0,0,0,0,0
60.0,57766.0,233950.0,627.0,24.0,3.0,3.66,48.0,0.73,0,0,0,1,0,0,0,1,0,0,0,0,0,0,0,0
41.0,39085.0,233546.0,387.0,37.0,4.0,5.26,12.0,0.86,0,0,0,0,1,0,0,1,1,0,0,0,0,0,1,0
47.0,55284.0,117148.0,572.0,107.0,4.0,24.06,36.0,0.11,0,0,0,0,0,1,1,0,1,1,0,0,0,0,1,0
19.0,145613.0,151155.0,433.0,20.0,2.0,19.8,48.0,0.36,1,0,0,0,1,0,0,1,0,1,0,0,0,0,0,1
67.0,72904.0,165419.0,434.0,86.0,3.0,5.42,60.0,0.73,0,0,0,0,1,0,1,0,1,1,0,0,0,0,0,0
69.0,73894.0,108612.0,600.0,61.0,3.0,15.68,48.0,0.65,0,0,0,1,0,0,1,0,1,0,0,0,0,0,0,0
48.0,35095.0,85700.0,683.0,8.0,3.0,3.16,36.0,0.34,0,0,0,1,0,0,0,1,1,1,0,0,0,0,1,0
49.0,19675.0,210281.0,521.0,55.0,4.0,7.87,48.0,0.46,1,0,0,0,0,1,0,0,1,0,0,0,0,0,1,1
37.0,76614.0,113761.0,735.0,23.0,2.0,20.56,24.0,0.19,0,0,0,0,1,0,0,0,0,0,0,0,0,0,0,0
30.0,129193.0,108818.0,537.0,106.0,1.0,11.45,36.0,0.51,1,0,0,0,0,1,0,1,0,0,0,0,0,0,1,0
41.0,37127.0,247265.0,672.0,7.0,1.0,18.39,36.0,0.14,1,0,0,1,0,0,0,0,1,1,0,0,0,0,0,0
59.0,101307.0,6210.0,409.0,57.0,3.0,18.93,36.0,0.41,0,0,0,0,0,1,0,0,0,1,0,0,0,0,1,0
52.0,141726.0,124027.0,697.0,56.0,3.0,8.59,12.0,0.82,0,0,0,0,1,0,1,0,0,1,0,0,0,0,1,1
52.0,135540.0,95235.0,843.0,104.0,2.0,20.82,48.0,0.41,0,0,0,0,0,1,0,0,0,0,0,0,0,0,0,0
62.0,25292.0,148357.0,447.0,66.0,3.0,18.36,60.0,0.16,1,0,0,0,0,0,1,0,1,1,0,0,0,0,0,0
22.0,127231.0,236372.0,379.0,3.0,4.0,4.13,48.0,0.8,0,0,0,1,0,0,1,0,0,1,0,0,0,0,1,1
26.0,101481.0,59067.0,770.0,67.0,2.0,10.64,24.0,0.51,0,0,0,0,0,1,1,0,1,0,0,0,0,0,1,0
56.0,81897.0,26535.0,470.0,23.0,1.0,23.21,60.0,0.72,0,0,0,0,1,0,1,0,0,0,0,0,0,0,0,0
32.0,129493.0,139898.0,730.0,4.0,4.0,20.03,12.0,0.23,0,0,0,1,0,0,1,0,0,0,0,0,0,0,0,1
23.0,123014.0,228860.0,574.0,76.0,2.0,21.24,24.0,0.72,1,0,0,1,0,0,1,0,0,0,0,0,0,0,0,1
31.0,31475.0,45367.0,502.0,31.0,3.0,22.1,12.0,0.15,0,0,0,0,1,0,0,1,1,1,0,0,0,0,1,0
26.0,60647.0,111746.0,392.0,58.0,1.0,3.87,36.0,0.12,0,0,0,0,1,0,0,0,1,1,0,0,0,0,1,0
49.0,59344.0,198014.0,830.0,84.0,2.0,7.81,12.0,0.21,1,0,0,1,0,0,0,0,0,0,0,0,0,0,1,0
27.0,29323.0,204434.0,380.0,69.0,4.0,17.51,12.0,0.23,0,0,0,0,0,1,0,1,0,1,0,0,0,0,1,1
51.0,75439.0,230336.0,674.0,42.0,2.0,21.24,24.0,0.14,1,0,0,0,1,0,1,0,1,1,0,0,0,0,0,1
30.0,92927.0,230455.0,531.0,61.0,2.0,6.41,24.0,0.36,1,0,0,0,0,0,0,0,1,0,0,0,0,0,1,1
29.0,121567.0,31529.0,598.0,62.0,4.0,8.26,24.0,0.9,1,0,0,0,0,1,1,0,1,1,0,0,0,0,1,1
31.0,69708.0,62042.0,459.0,114.0,4.0,15.95,36.0,0.59,1,0,0,0,0,0,0,1,1,0,0,0,0,0,1,1
37.0,52513.0,236365.0,437.0,80.0,3.0,11.21,24.0,0.67,0,0,0,0,0,1,0,1,0,0,0,0,0,0,0,1
54.0,81855.0,111190.0,823.0,17.0,1.0,4.82,60.0,0.18,0,0,0,0,1,0,0,1,1,1,0,0,0,0,1,0
51.0,99239.0,191404.0,407.0,72.0,2.0,20.88,24.0,0.66,0,0,0,0,1,0,0,1,0,0,0,0,0,0,1,1
38.0,82057.0,46656.0,668.0,9.0,1.0,18.77,24.0,0.56,0,0,0,0,0,0,0,0,1,0,0,0,0,0,1,1
38.0,84625.0,190316.0,816.0,101.0,1.0,15.17,12.0,0.41,0,0,0,1,0,0,1,0,1,0,0,0,0,0,1,0
34.0,31775.0,132601.0,649.0,107.0,2.0,5.19,60.0,0.74,0,0,0,0,0,1,0,0,0,1,0,0,0,0,0,1
33.0,59200.0,179034.0,333.0,74.0,3.0,23.54,60.0,0.43,0,0,0,0,0,1,1,0,1,0,0,0,0,0,1,1
33.0,106474.0,15365.0,618.0,67.0,2.0,16.73,48.0,0.11,0,0,0,1,0,0,1,0,1,0,0,0,0,0,1,1
20.0,129664.0,230183.0,609.0,106.0,3.0,19.84,48.0,0.13,0,0,0,0,0,1,1,0,0,1,0,0,0,0,1,0
47.0,15840.0,81113.0,616.0,91.0,1.0,21.69,24.0,0.58,0,0,0,0,0,1,0,0,0,0,0,0,0,0,0,1
44.0,40046.0,164302.0,554.0,80.0,2.0,12.17,48.0,0.1,0,0,0,1,0,0,1,0,1,1,0,0,0,0,0,0
18.0,80212.0,245128.0,505.0,4.0,3.0,15.78,24.0,0.22,0,0,0,1,0,0,0,0,0,1,0,0,0,0,1,1
28.0,34579.0,121564.0,405.0,108.0,1.0,17.75,48.0,0.27,1,0,0,0,1,0,1,0,1,0,0,0,0,0,0,0
28.0,112692.0,210056.0,811.0,33.0,1.0,4.8,12.0,0.4,0,0,0,0,0,1,1,0,1,1,0,0,0,0,0,0
19.0,33751.0,158667.0,466.0,69.0,2.0,21.86,48.0,0.11,1,0,0,1,0,0,0,1,0,0,0,0,0,0,1,1
34.0,37709.0,188098.0,676.0,0.0,1.0,13.73,60.0,0.14,0,0,0,0,0,1,0,1,1,0,0,0,0,0,1,1
18.0,117089.0,5600.0,383.0,0.0,3.0,18.4,24.0,0.23,1,0,0,0,1,0,0,1,1,1,0,0,0,0,1,1
24.0,103787.0,33096.0,512.0,89.0,1.0,16.67,60.0,0.72,0,0,0,1,0,0,1,0,1,1,0,0,0,0,1,1
42.0,57980.0,215469.0,306.0,8.0,3.0,19.39,12.0,0.49,0,0,0,0,1,0,0,0,1,0,0,0,0,0,0,1
64.0,77144.0,97906.0,312.0,66.0,1.0,15.87,12.0,0.4,0,0,0,0,0,1,1,0,1,0,0,0,0,0,1,1
32.0,138309.0,227411.0,634.0,76.0,1.0,22.9,36.0,0.21,0,0,0,0,0,0,0,0,0,0,0,0,0,0,0,1
39.0,122516.0,219694.0,591.0,98.0,1.0,22.38,24.0,0.83,0,0,0,0,0,0,0,1,1,1,0,0,0,0,1,1
27.0,122460.0,218609.0,679.0,100.0,3.0,6.41,60.0,0.58,0,0,0,0,0,1,1,0,1,0,0,0,0,0,1,0
23.0,103539.0,88982.0,562.0,93.0,4.0,12.08,48.0,0.65,1,0,0,0,1,0,1,0,0,1,0,0,0,0,0,1
34.0,149049.0,169601.0,305.0,58.0,4.0,11.12,60.0,0.38,0,0,0,0,0,0,0,1,1,1,0,0,0,0,1,0
26.0,118334.0,29471.0,400.0,43.0,3.0,24.15,12.0,0.36,0,0,0,0,1,0,1,0,1,0,0,0,0,0,1,1
59.0,127901.0,46482.0,424.0,44.0,4.0,15.27,60.0,0.58,0,0,0,0,1,0,0,0,0,1,0,0,0,0,0,1
54.0,139677.0,138362.0,780.0,27.0,3.0,11.82,24.0,0.49,0,0,0,1,0,0,0,1,1,0,0,0,0,0,0,1
42.0,53038.0,62256.0,763.0,116.0,3.0,2.55,36.0,0.54,0,0,0,1,0,0,0,0,1,0,0,0,0,0,1,0
43.0,137420.0,116698.0,424.0,21.0,4.0,9.43,36.0,0.85,0,0,0,0,1,0,0,0,0,0,0,0,0,0,0,1
48.0,33362.0,205046.0,750.0,2.0,2.0,4.37,60.0,0.37,1,0,0,0,0,1,1,0,0,0,0,0,0,0,1,1
